Workbook

Sheet Read me
A1: Box wing span and gap sweep: Group 10, W6 wing down-select
A2: First estimate, for concept evaluation. Built by docs/pdr/scripts/build_boxwing_sweep.py.
A4: What it does
A5: Sizes the aircraft (Raymer Ch. 3 fuel fractions, Breguet cruise, brief App. 2-3 rules, Task Spec 4.7 margins) for a conventional wing and a box wing at spans of 56-65 m and gaps h/b of 0.05-0.25. Engine, Mach, cabin and mission are the same in every case, so only the wing changes.
A7: Sheets
A8: Inputs: every assumption, yellow = editable. Sweep: one row per case. Matrix: span x gap tables and a chart. Weight sensitivity: how much extra structure the box wing can carry before it stops saving fuel.
A10: Method
A11: 1. Wing area S = MTOW / wing loading (iterated 25 times with MTOW; the last column of Sweep shows it has converged).
A12: 2. Drag polar CD = CD0 x (1 + cfin x h) + k x CL^2 / (pi x AR x e), AR = b^2 / S (total area). k = 1 for the conventional wing.
A13: 3. k(h/b) = (1 + 0.45 h/b) / (1.04 + 2.81 h/b), Prandtl's estimate for the box wing: 20-30 % less induced drag at h/b 0.10-0.15, as quoted by Frediani.
A14: 4. L/D is calibrated so the conventional 64 m wing gives the slide-10 value of 19; every other case is relative to that.
A15: 5. OWE/MTOW = 0.52 + wing-mass share x (b/64 - 1) [Raymer wing mass ~ AR^0.5 ~ b at fixed S] + box penalty (pen0 + pfin x h).
... A26: Torenbeek, E. (1982) Synthesis of Subsonic Airplane Design: wing fuel volume estimate.

Sheet Inputs
A1: Inputs: yellow cells can be changed; everything else updates
A3: Quantity | B3: Value | C3: Unit | D3: Source / note
A4: Mission and brief rules (same as Group10_Sizing.xlsx)
A5: Passengers (3-class MR) | B5: 300 | C5: - | D5: Brief
A6: Passenger mass incl. baggage | B6: 105 | C6: kg | D6: Brief App. 2
A7: Flight crew | B7: 2 | C7: - | D7: Brief App. 2
A8: Flight crew mass incl. baggage | B8: 95 | C8: kg | D8: Brief App. 2
A9: Cabin crew | B9: 11 | C9: - | D9: Brief App. 2
A10: Cabin crew mass incl. baggage | B10: 85 | C10: kg | D10: Brief App. 2
A11: Design range | B11: 5000 | C11: NM | D11: Brief
A12: Cruise Mach | B12: 0.85 | C12: - | D12: Same for every wing
A13: Speed of sound, 35,000 ft ISA | B13: 576.4 | C13: kt | D13: ISA
A14: Cruise SFC (before margin) | B14: 0.52 | C14: 1/h | D14: Same engine for every wing
A15: Engine bypass ratio | B15: 10 | C15: - | D15: Same engine
A16: L/D margin | B16: 0.985 | C16: - | D16: Task Spec 4.7
... A28: SAF (HEFA) density | B28: 0.75 | C28: kg/L | D28: As Sizing sheet
A29: Slide-10 baseline (anchor)
A30: Cruise L/D, conventional base case | B30: 19 | C30: - | D30: Slide 10 base case
A31: OWE/MTOW, conventional base case | B31: 0.52 | C31: - | D31: Slide 10 base case
A32: Span the base case is assumed to have | B32: 64 | C32: m | D32: Just inside the 65 m Code E gate limit
A33: Wing and aerodynamic assumptions (agree as a team)
A34: Wing loading at MTOW (total wing area) | B34: 600 | C34: kg/m2 | D34: Raymer typical jet transport; A330neo ~540, 787 ~680
A35: Zero-lift drag coefficient, conventional | B35: 0.017 | C35: - | D35: Typical widebody; only ratios matter after calibration
A36: Oswald efficiency, conventional | B36: 0.8 | C36: - | D36: Raymer typical
A37: Cruise CL, conventional | B37: 0.5 | C37: - | D37: Sets cruise altitude (see Sweep)
A38: Cruise CL, box wing | B38: 0.5 | C38: - | D38: Same as conventional for a fair test: the model has no buffet or drag-rise limit, so raising only this flatters the box wing
A39: Landing CLmax, conventional | B39: 2.6 | C39: - | D39: Slats + double-slotted flaps
A40: Landing CLmax, box wing | B40: 2.4 | C40: - | D40: Rear wing in front wing's downwash: more conservative
A41: MLW / MTOW | B41: 0.78 | C41: - | D41: A330-900 and 787-9 are ~0.76
A42: Zero-lift drag added per metre of gap (tip fins) | B42: 0.005 | C42: per m | D42: Fin wetted area ~10 m2 per m of h vs ~2000 m2 aircraft; no horizontal tail assumed to offset joints
A43: Wing mass as a share of MTOW | B43: 0.11 | C43: - | D43: Typical widebody
A44: Box wing fixed OWE/MTOW penalty (joints, stiffening) | B44: 0.004 | C44: - | D44: ASSUMPTION: biggest unknown, see Weight sensitivity
A45: Box wing OWE/MTOW penalty per metre of gap (tip fins) | B45: 0.0006 | C45: per m | D45: ASSUMPTION: ~0.01 total at h = 10 m
... A47: Usable tank factor (taper, spars, ribs) | B47: 0.85 | C47: - | D47: ASSUMPTION
A48: Derived (do not edit)
A49: g | B49: 9.81 | C49: m/s2
A50: Take-off and initial climb fraction | B50: =1-(2.7795+2.3126/$B$15)/1000 -> 0.99698924 | C50: - | D50: Brief App. 3
A51: Cruise true airspeed | B51: =$B$12*$B$13 -> 489.94 | C51: kt
A52: Payload + crew | B52: =$B$5*$B$6+$B$7*$B$8+$B$9*$B$10 -> 32625 | C52: kg
A53: Baseline wing area | B53: =Sweep!$P$5*1000/$B$34 -> 330.28341 | C53: m2 | D53: From the slide-10 baseline row
A54: L/D calibration factor | B54: =$B$30/($B$37/($B$35+$B$37^2/(PI()*$B$32^2/$B$53*$B$36))) -> 0.95079691 | C54: - | D54: Makes the conventional 64 m wing give L/D 19 (covers compressibility, trim, etc.)

Sheet Sweep
A1: Box wing span and gap sweep (first estimate, for concept evaluation)
A2: Same engine, Mach, cabin and mission rules for every row; only the wing changes. k = Prandtl's box-wing estimate (1 + 0.45 h/b)/(1.04 + 2.81 h/b). Spans 56-65 m: Code E (<= 65 m) because a box wing does not fold; a conventional wing of 54 m or less does not close at 600 kg/m2.
A4: Config | B4: Span b (m) | C4: Gap h/b | D4: Gap h (m) | E4: Induced drag factor k | F4: Zero-lift drag factor | G4: OWE / MTOW | H4: Cruise CL | I4: Landing CLmax | J4: Wing area S, total (m2) | K4: Aspect ratio b2/S | L4: Aspect ratio per wing | M4: Cruise L/D (before margin) | N4: Equivalent monoplane span (m) | O4: Fuel / MTOW | P4: MTOW (t) | Q4: OWE (t) | R4: Mission fuel (t) | S4: Fuel volume, SAF (m3) | T4: Fuel vs slide-10 baseline | U4: Fuel vs conventional, same span | V4: Wing tank volume (m3) | W4: Share of fuel that fits in the wings | X4: Approach speed at MLW (kt) | Y4: Cruise altitude (ft) | Z4: Iteration change in MTOW (kg) | AA4: Sizing closes? | AC4: pass 1: S | AD4: pass 1: AR | AE4: pass 1: LD | AF4: pass 1: fcr | AG4: pass 1: fland | AH4: pass 1: trip | AI4: pass 1: enr | AJ4: pass 1: ovs | AK4: pass 1: w1 | AL4: pass 1: div | AM4: pass 1: hold | AN4: pass 1: app | AO4: pass 1: ff | AP4: pass 1: MTOW | AQ4: pass 2: S | AR4: pass 2: AR | AS4: pass 2: LD | AT4: pass 2: fcr | AU4: pass 2: fland | AV4: pass 2: trip | AW4: pass 2: enr | AX4: pass 2: ovs | AY4: pass 2: w1 | AZ4: pass 2: div | BA4: pass 2: hold | BB4: pass 2: app | BC4: pass 2: ff | BD4: pass 2: MTOW | BE4: pass 3: S | BF4: pass 3: AR | BG4: pass 3: LD | BH4: pass 3: fcr | BI4: pass 3: fland | BJ4: pass 3: trip | BK4: pass 3: enr | BL4: pass 3: ovs | BM4: pass 3: w1 | BN4: pass 3: div | BO4: pass 3: hold | BP4: pass 3: app | BQ4: pass 3: ff | BR4: pass 3: MTOW | BS4: pass 4: S | BT4: pass 4: AR | BU4: pass 4: LD | BV4: pass 4: fcr | BW4: pass 4: fland | BX4: pass 4: trip | BY4: pass 4: enr | BZ4: pass 4: ovs | CA4: pass 4: w1 | CB4: pass 4: div | CC4: pass 4: hold | CD4: pass 4: app | CE4: pass 4: ff | CF4: pass 4: MTOW | CG4: pass 5: S | CH4: pass 5: AR | CI4: pass 5: LD | CJ4: pass 5: fcr | CK4: pass 5: fland | CL4: pass 5: trip | CM4: pass 5: enr | CN4: pass 5: ovs | CO4: pass 5: w1 | CP4: pass 5: div | CQ4: pass 5: hold | CR4: pass 5: app | CS4: pass 5: ff | CT4: pass 5: MTOW | CU4: pass 6: S | CV4: pass 6: AR | CW4: pass 6: LD | CX4: pass 6: fcr | CY4: pass 6: fland | CZ4: pass 6: trip | DA4: pass 6: enr | DB4: pass 6: ovs | DC4: pass 6: w1 | DD4: pass 6: div | DE4: pass 6: hold | DF4: pass 6: app | DG4: pass 6: ff | DH4: pass 6: MTOW | DI4: pass 7: S | DJ4: pass 7: AR | DK4: pass 7: LD | DL4: pass 7: fcr | DM4: pass 7: fland | DN4: pass 7: trip | DO4: pass 7: enr | DP4: pass 7: ovs | DQ4: pass 7: w1 | DR4: pass 7: div | DS4: pass 7: hold | DT4: pass 7: app | DU4: pass 7: ff | DV4: pass 7: MTOW | DW4: pass 8: S | DX4: pass 8: AR | DY4: pass 8: LD | DZ4: pass 8: fcr | EA4: pass 8: fland | EB4: pass 8: trip | EC4: pass 8: enr | ED4: pass 8: ovs | EE4: pass 8: w1 | EF4: pass 8: div | EG4: pass 8: hold | EH4: pass 8: app | EI4: pass 8: ff | EJ4: pass 8: MTOW | EK4: pass 9: S | EL4: pass 9: AR | EM4: pass 9: LD | EN4: pass 9: fcr | EO4: pass 9: fland | EP4: pass 9: trip | EQ4: pass 9: enr | ER4: pass 9: ovs | ES4: pass 9: w1 | ET4: pass 9: div | EU4: pass 9: hold | EV4: pass 9: app | EW4: pass 9: ff | EX4: pass 9: MTOW | EY4: pass 10: S | EZ4: pass 10: AR | FA4: pass 10: LD | FB4: pass 10: fcr | FC4: pass 10: fland | FD4: pass 10: trip | FE4: pass 10: enr | FF4: pass 10: ovs | FG4: pass 10: w1 | FH4: pass 10: div | FI4: pass 10: hold | FJ4: pass 10: app | FK4: pass 10: ff | FL4: pass 10: MTOW | FM4: pass 11: S | FN4: pass 11: AR | FO4: pass 11: LD | FP4: pass 11: fcr | FQ4: pass 11: fland | FR4: pass 11: trip | FS4: pass 11: enr | FT4: pass 11: ovs | FU4: pass 11: w1 | FV4: pass 11: div | FW4: pass 11: hold | FX4: pass 11: app | FY4: pass 11: ff | FZ4: pass 11: MTOW | GA4: pass 12: S | GB4: pass 12: AR | GC4: pass 12: LD | GD4: pass 12: fcr | GE4: pass 12: fland | GF4: pass 12: trip | GG4: pass 12: enr | GH4: pass 12: ovs | GI4: pass 12: w1 | GJ4: pass 12: div | GK4: pass 12: hold | GL4: pass 12: app | GM4: pass 12: ff | GN4: pass 12: MTOW | GO4: pass 13: S | GP4: pass 13: AR | GQ4: pass 13: LD | GR4: pass 13: fcr | GS4: pass 13: fland | GT4: pass 13: trip | GU4: pass 13: enr | GV4: pass 13: ovs | GW4: pass 13: w1 | GX4: pass 13: div | GY4: pass 13: hold | GZ4: pass 13: app | HA4: pass 13: ff | HB4: pass 13: MTOW | HC4: pass 14: S | HD4: pass 14: AR | HE4: pass 14: LD | HF4: pass 14: fcr | HG4: pass 14: fland | HH4: pass 14: trip | HI4: pass 14: enr | HJ4: pass 14: ovs | HK4: pass 14: w1 | HL4: pass 14: div | HM4: pass 14: hold | HN4: pass 14: app | HO4: pass 14: ff | HP4: pass 14: MTOW | HQ4: pass 15: S | HR4: pass 15: AR | HS4: pass 15: LD | HT4: pass 15: fcr | HU4: pass 15: fland | HV4: pass 15: trip | HW4: pass 15: enr | HX4: pass 15: ovs | HY4: pass 15: w1 | HZ4: pass 15: div | IA4: pass 15: hold | IB4: pass 15: app | IC4: pass 15: ff | ID4: pass 15: MTOW | IE4: pass 16: S | IF4: pass 16: AR | IG4: pass 16: LD | IH4: pass 16: fcr | II4: pass 16: fland | IJ4: pass 16: trip | IK4: pass 16: enr | IL4: pass 16: ovs | IM4: pass 16: w1 | IN4: pass 16: div | IO4: pass 16: hold | IP4: pass 16: app | IQ4: pass 16: ff | IR4: pass 16: MTOW | IS4: pass 17: S | IT4: pass 17: AR | IU4: pass 17: LD | IV4: pass 17: fcr | IW4: pass 17: fland | IX4: pass 17: trip | IY4: pass 17: enr | IZ4: pass 17: ovs | JA4: pass 17: w1 | JB4: pass 17: div | JC4: pass 17: hold | JD4: pass 17: app | JE4: pass 17: ff | JF4: pass 17: MTOW | JG4: pass 18: S | JH4: pass 18: AR | JI4: pass 18: LD | JJ4: pass 18: fcr | JK4: pass 18: fland | JL4: pass 18: trip | JM4: pass 18: enr | JN4: pass 18: ovs | JO4: pass 18: w1 | JP4: pass 18: div | JQ4: pass 18: hold | JR4: pass 18: app | JS4: pass 18: ff | JT4: pass 18: MTOW | JU4: pass 19: S | JV4: pass 19: AR | JW4: pass 19: LD | JX4: pass 19: fcr | JY4: pass 19: fland | JZ4: pass 19: trip | KA4: pass 19: enr | KB4: pass 19: ovs | KC4: pass 19: w1 | KD4: pass 19: div | KE4: pass 19: hold | KF4: pass 19: app | KG4: pass 19: ff | KH4: pass 19: MTOW | KI4: pass 20: S | KJ4: pass 20: AR | KK4: pass 20: LD | KL4: pass 20: fcr | KM4: pass 20: fland | KN4: pass 20: trip | KO4: pass 20: enr | KP4: pass 20: ovs | KQ4: pass 20: w1 | KR4: pass 20: div | KS4: pass 20: hold | KT4: pass 20: app | KU4: pass 20: ff | KV4: pass 20: MTOW | KW4: pass 21: S | KX4: pass 21: AR | KY4: pass 21: LD | KZ4: pass 21: fcr | LA4: pass 21: fland | LB4: pass 21: trip | LC4: pass 21: enr | LD4: pass 21: ovs | LE4: pass 21: w1 | LF4: pass 21: div | LG4: pass 21: hold | LH4: pass 21: app | LI4: pass 21: ff | LJ4: pass 21: MTOW | LK4: pass 22: S | LL4: pass 22: AR | LM4: pass 22: LD | LN4: pass 22: fcr | LO4: pass 22: fland | LP4: pass 22: trip | LQ4: pass 22: enr | LR4: pass 22: ovs | LS4: pass 22: w1 | LT4: pass 22: div | LU4: pass 22: hold | LV4: pass 22: app | LW4: pass 22: ff | LX4: pass 22: MTOW | LY4: pass 23: S | LZ4: pass 23: AR | MA4: pass 23: LD | MB4: pass 23: fcr | MC4: pass 23: fland | MD4: pass 23: trip | ME4: pass 23: enr | MF4: pass 23: ovs | MG4: pass 23: w1 | MH4: pass 23: div | MI4: pass 23: hold | MJ4: pass 23: app | MK4: pass 23: ff | ML4: pass 23: MTOW | MM4: pass 24: S | MN4: pass 24: AR | MO4: pass 24: LD | MP4: pass 24: fcr | MQ4: pass 24: fland | MR4: pass 24: trip | MS4: pass 24: enr | MT4: pass 24: ovs | MU4: pass 24: w1 | MV4: pass 24: div | MW4: pass 24: hold | MX4: pass 24: app | MY4: pass 24: ff | MZ4: pass 24: MTOW | NA4: pass 25: S | NB4: pass 25: AR | NC4: pass 25: LD | ND4: pass 25: fcr | NE4: pass 25: fland | NF4: pass 25: trip | NG4: pass 25: enr | NH4: pass 25: ovs | NI4: pass 25: w1 | NJ4: pass 25: div | NK4: pass 25: hold | NL4: pass 25: app | NM4: pass 25: ff | NN4: pass 25: MTOW
A5: Slide-10 baseline | B5: 64 | C5: 0 | D5: =B5*C5 -> 0 | E5: =IF(C5=0,1,(1+0.45*C5)/(1.04+2.81*C5)) -> 1 | F5: =1+Inputs!$B$42*D5 -> 1 | G5: =Inputs!$B$31 -> 0.52 | H5: =Inputs!$B$37 -> 0.5 | I5: =Inputs!$B$39 -> 2.6 | J5: =NN5/Inputs!$B$34 -> 330.28341 | K5: =B5^2/J5 -> 12.401471 | L5: =K5 -> 12.401471 | M5: =NC5 -> 19 | O5: =NM5 -> 0.31536866 | P5: =NN5/1000 -> 198.17004 | Q5: =G5*NN5/1000 -> 103.04842 | R5: =NM5*NN5/1000 -> 62.496622 | S5: =NM5*NN5/Inputs!$B$28/1000 -> 83.328829 | T5: =R5/Sweep!$R$5-1 -> 0 | U5: =R5/SUMIFS(Sweep!$R:$R,Sweep!$A:$A,"Conventional",Sweep!$B:$B,B5)-1 -> -3.3051339e-13 | V5: =1*0.54*(J5/1)^1.5/SQRT(L5)*Inputs!$B$46*Inputs!$B$47 -> 86.059518 | W5: =MIN(1,V5/S5) -> 1 | X5: =1.23*SQRT(2*Inputs!$B$41*NN5*Inputs!$B$49/(1.225*J5*I5))/0.5144 -> 128.38724 | Y5: =(11000+6341.6*LN(0.36392/(2*Inputs!$B$50*Inputs!$B$18*(1+ND5)/2*Inputs!$B$34*Inputs!$B$49/((Inputs!$B$12*295.07)^2*H5))))/0.3048 -> 38661.982 | Z5: =NN5-MZ5 -> 0 | AA5: =IF(ABS(NN5-MZ5)<10,"Yes","No") -> Yes | AC5: =Inputs!$B$52/(1-0.3154-G5)/Inputs!$B$34 -> 330.34629 | AD5: =B5^2/AC5 -> 12.39911 | AE5: =Inputs!$B$30 -> 19 | AF5: =EXP(-Inputs!$B$11*Inputs!$B$14*Inputs!$B$17/(Inputs!$B$51*AE5*Inputs!$B$16)) -> 0.74990367 | AG5: =Inputs!$B$50*Inputs!$B$18*AF5*Inputs!$B$19 -> 0.73274905 | AH5: =1-AG5 -> 0.26725095 | AI5: =Inputs!$B$20*AH5 -> 0.0080175286 | AJ5: =0.8*(1-Inputs!$B$50)*(AG5-AI5) -> 0.0017455941 | AK5: =AG5-AI5-AJ5 -> 0.72298593 | AL5: =AK5*(1-Inputs!$B$18*EXP(-Inputs!$B$21*Inputs!$B$14*Inputs!$B$17/(Inputs!$B$22*Inputs!$B$23*Inputs!$B$24*AE5*Inputs!$B$16))*Inputs!$B$19) -> 0.026351905 | AM5: =(AK5-AL5)*(1-EXP(-Inputs!$B$25*Inputs!$B$14*Inputs!$B$17*Inputs!$B$26/(AE5*Inputs!$B$16/0.866))) -> 0.0076143057 | AN5: =(AK5-AL5-AM5)*(1-Inputs!$B$19) -> 0.0034450986 | AO5: =(AH5+AI5+AJ5+AL5+AM5+AN5)*(1+Inputs!$B$27) -> 0.31536866 | AP5: =Inputs!$B$52/(1-AO5-G5) -> 198170.04 | AQ5: =AP5/Inputs!$B$34 -> 330.28341 | AR5: =B5^2/AQ5 -> 12.401471 | AS5: =Inputs!$B$30 -> 19 | AT5: =EXP(-Inputs!$B$11*Inputs!$B$14*Inputs!$B$17/(Inputs!$B$51*AS5*Inputs!$B$16)) -> 0.74990367 | AU5: =Inputs!$B$50*Inputs!$B$18*AT5*Inputs!$B$19 -> 0.73274905 | AV5: =1-AU5 -> 0.26725095 | AW5: =Inputs!$B$20*AV5 -> 0.0080175286 | AX5: =0.8*(1-Inputs!$B$50)*(AU5-AW5) -> 0.0017455941 | AY5: =AU5-AW5-AX5 -> 0.72298593 | AZ5: =AY5*(1-Inputs!$B$18*EXP(-Inputs!$B$21*Inputs!$B$14*Inputs!$B$17/(Inputs!$B$22*Inputs!$B$23*Inputs!$B$24*AS5*Inputs!$B$16))*Inputs!$B$19) -> 0.026351905 | BA5: =(AY5-AZ5)*(1-EXP(-Inputs!$B$25*Inputs!$B$14*Inputs!$B$17*Inputs!$B$26/(AS5*Inputs!$B$16/0.866))) -> 0.0076143057 | BB5: =(AY5-AZ5-BA5)*(1-Inputs!$B$19) -> 0.0034450986 | BC5: =(AV5+AW5+AX5+AZ5+BA5+BB5)*(1+Inputs!$B$27) -> 0.31536866 | BD5: =Inputs!$B$52/(1-BC5-G5) -> 198170.04 | BE5: =BD5/Inputs!$B$34 -> 330.28341 | BF5: =B5^2/BE5 -> 12.401471 | BG5: =Inputs!$B$30 -> 19 | BH5: =EXP(-Inputs!$B$11*Inputs!$B$14*Inputs!$B$17/(Inputs!$B$51*BG5*Inputs!$B$16)) -> 0.74990367 | BI5: =Inputs!$B$50*Inputs!$B$18*BH5*Inputs!$B$19 -> 0.73274905 | BJ5: =1-BI5 -> 0.26725095 | BK5: =Inputs!$B$20*BJ5 -> 0.0080175286 | BL5: =0.8*(1-Inputs!$B$50)*(BI5-BK5) -> 0.0017455941 | BM5: =BI5-BK5-BL5 -> 0.72298593 | BN5: =BM5*(1-Inputs!$B$18*EXP(-Inputs!$B$21*Inputs!$B$14*Inputs!$B$17/(Inputs!$B$22*Inputs!$B$23*Inputs!$B$24*BG5*Inputs!$B$16))*Inputs!$B$19) -> 0.026351905 | BO5: =(BM5-BN5)*(1-EXP(-Inputs!$B$25*Inputs!$B$14*Inputs!$B$17*Inputs!$B$26/(BG5*Inputs!$B$16/0.866))) -> 0.0076143057 | BP5: =(BM5-BN5-BO5)*(1-Inputs!$B$19) -> 0.0034450986 | BQ5: =(BJ5+BK5+BL5+BN5+BO5+BP5)*(1+Inputs!$B$27) -> 0.31536866 | BR5: =Inputs!$B$52/(1-BQ5-G5) -> 198170.04 | BS5: =BR5/Inputs!$B$34 -> 330.28341 | BT5: =B5^2/BS5 -> 12.401471 | BU5: =Inputs!$B$30 -> 19 | BV5: =EXP(-Inputs!$B$11*Inputs!$B$14*Inputs!$B$17/(Inputs!$B$51*BU5*Inputs!$B$16)) -> 0.74990367 | BW5: =Inputs!$B$50*Inputs!$B$18*BV5*Inputs!$B$19 -> 0.73274905 | BX5: =1-BW5 -> 0.26725095 | BY5: =Inputs!$B$20*BX5 -> 0.0080175286 | BZ5: =0.8*(1-Inputs!$B$50)*(BW5-BY5) -> 0.0017455941 | CA5: =BW5-BY5-BZ5 -> 0.72298593 | CB5: =CA5*(1-Inputs!$B$18*EXP(-Inputs!$B$21*Inputs!$B$14*Inputs!$B$17/(Inputs!$B$22*Inputs!$B$23*Inputs!$B$24*BU5*Inputs!$B$16))*Inputs!$B$19) -> 0.026351905 | CC5: =(CA5-CB5)*(1-EXP(-Inputs!$B$25*Inputs!$B$14*Inputs!$B$17*Inputs!$B$26/(BU5*Inputs!$B$16/0.866))) -> 0.0076143057 | CD5: =(CA5-CB5-CC5)*(1-Inputs!$B$19) -> 0.0034450986 | CE5: =(BX5+BY5+BZ5+CB5+CC5+CD5)*(1+Inputs!$B$27) -> 0.31536866 | CF5: =Inputs!$B$52/(1-CE5-G5) -> 198170.04 | CG5: =CF5/Inputs!$B$34 -> 330.28341 | CH5: =B5^2/CG5 -> 12.401471 | CI5: =Inputs!$B$30 -> 19 | CJ5: =EXP(-Inputs!$B$11*Inputs!$B$14*Inputs!$B$17/(Inputs!$B$51*CI5*Inputs!$B$16)) -> 0.74990367 | CK5: =Inputs!$B$50*Inputs!$B$18*CJ5*Inputs!$B$19 -> 0.73274905 | CL5: =1-CK5 -> 0.26725095 | CM5: =Inputs!$B$20*CL5 -> 0.0080175286 | CN5: =0.8*(1-Inputs!$B$50)*(CK5-CM5) -> 0.0017455941 | CO5: =CK5-CM5-CN5 -> 0.72298593 | CP5: =CO5*(1-Inputs!$B$18*EXP(-Inputs!$B$21*Inputs!$B$14*Inputs!$B$17/(Inputs!$B$22*Inputs!$B$23*Inputs!$B$24*CI5*Inputs!$B$16))*Inputs!$B$19) -> 0.026351905 | CQ5: =(CO5-CP5)*(1-EXP(-Inputs!$B$25*Inputs!$B$14*Inputs!$B$17*Inputs!$B$26/(CI5*Inputs!$B$16/0.866))) -> 0.0076143057 | CR5: =(CO5-CP5-CQ5)*(1-Inputs!$B$19) -> 0.0034450986 | CS5: =(CL5+CM5+CN5+CP5+CQ5+CR5)*(1+Inputs!$B$27) -> 0.31536866 | CT5: =Inputs!$B$52/(1-CS5-G5) -> 198170.04 | CU5: =CT5/Inputs!$B$34 -> 330.28341 | CV5: =B5^2/CU5 -> 12.401471 | CW5: =Inputs!$B$30 -> 19 | CX5: =EXP(-Inputs!$B$11*Inputs!$B$14*Inputs!$B$17/(Inputs!$B$51*CW5*Inputs!$B$16)) -> 0.74990367 | CY5: =Inputs!$B$50*Inputs!$B$18*CX5*Inputs!$B$19 -> 0.73274905 | CZ5: =1-CY5 -> 0.26725095 | DA5: =Inputs!$B$20*CZ5 -> 0.0080175286 | DB5: =0.8*(1-Inputs!$B$50)*(CY5-DA5) -> 0.0017455941 | DC5: =CY5-DA5-DB5 -> 0.72298593 | DD5: =DC5*(1-Inputs!$B$18*EXP(-Inputs!$B$21*Inputs!$B$14*Inputs!$B$17/(Inputs!$B$22*Inputs!$B$23*Inputs!$B$24*CW5*Inputs!$B$16))*Inputs!$B$19) -> 0.026351905 | DE5: =(DC5-DD5)*(1-EXP(-Inputs!$B$25*Inputs!$B$14*Inputs!$B$17*Inputs!$B$26/(CW5*Inputs!$B$16/0.866))) -> 0.0076143057 | DF5: =(DC5-DD5-DE5)*(1-Inputs!$B$19) -> 0.0034450986 | DG5: =(CZ5+DA5+DB5+DD5+DE5+DF5)*(1+Inputs!$B$27) -> 0.31536866 | DH5: =Inputs!$B$52/(1-DG5-G5) -> 198170.04 | DI5: =DH5/Inputs!$B$34 -> 330.28341 | DJ5: =B5^2/DI5 -> 12.401471 | DK5: =Inputs!$B$30 -> 19 | DL5: =EXP(-Inputs!$B$11*Inputs!$B$14*Inputs!$B$17/(Inputs!$B$51*DK5*Inputs!$B$16)) -> 0.74990367 | DM5: =Inputs!$B$50*Inputs!$B$18*DL5*Inputs!$B$19 -> 0.73274905 | DN5: =1-DM5 -> 0.26725095 | DO5: =Inputs!$B$20*DN5 -> 0.0080175286 | DP5: =0.8*(1-Inputs!$B$50)*(DM5-DO5) -> 0.0017455941 | DQ5: =DM5-DO5-DP5 -> 0.72298593 | DR5: =DQ5*(1-Inputs!$B$18*EXP(-Inputs!$B$21*Inputs!$B$14*Inputs!$B$17/(Inputs!$B$22*Inputs!$B$23*Inputs!$B$24*DK5*Inputs!$B$16))*Inputs!$B$19) -> 0.026351905 | DS5: =(DQ5-DR5)*(1-EXP(-Inputs!$B$25*Inputs!$B$14*Inputs!$B$17*Inputs!$B$26/(DK5*Inputs!$B$16/0.866))) -> 0.0076143057 | DT5: =(DQ5-DR5-DS5)*(1-Inputs!$B$19) -> 0.0034450986 | DU5: =(DN5+DO5+DP5+DR5+DS5+DT5)*(1+Inputs!$B$27) -> 0.31536866 | DV5: =Inputs!$B$52/(1-DU5-G5) -> 198170.04 | DW5: =DV5/Inputs!$B$34 -> 330.28341 | DX5: =B5^2/DW5 -> 12.401471 | DY5: =Inputs!$B$30 -> 19 | DZ5: =EXP(-Inputs!$B$11*Inputs!$B$14*Inputs!$B$17/(Inputs!$B$51*DY5*Inputs!$B$16)) -> 0.74990367 | EA5: =Inputs!$B$50*Inputs!$B$18*DZ5*Inputs!$B$19 -> 0.73274905 | EB5: =1-EA5 -> 0.26725095 | EC5: =Inputs!$B$20*EB5 -> 0.0080175286 | ED5: =0.8*(1-Inputs!$B$50)*(EA5-EC5) -> 0.0017455941 | EE5: =EA5-EC5-ED5 -> 0.72298593 | EF5: =EE5*(1-Inputs!$B$18*EXP(-Inputs!$B$21*Inputs!$B$14*Inputs!$B$17/(Inputs!$B$22*Inputs!$B$23*Inputs!$B$24*DY5*Inputs!$B$16))*Inputs!$B$19) -> 0.026351905 | EG5: =(EE5-EF5)*(1-EXP(-Inputs!$B$25*Inputs!$B$14*Inputs!$B$17*Inputs!$B$26/(DY5*Inputs!$B$16/0.866))) -> 0.0076143057 | EH5: =(EE5-EF5-EG5)*(1-Inputs!$B$19) -> 0.0034450986 | EI5: =(EB5+EC5+ED5+EF5+EG5+EH5)*(1+Inputs!$B$27) -> 0.31536866 | EJ5: =Inputs!$B$52/(1-EI5-G5) -> 198170.04 | EK5: =EJ5/Inputs!$B$34 -> 330.28341 | EL5: =B5^2/EK5 -> 12.401471 | EM5: =Inputs!$B$30 -> 19 | EN5: =EXP(-Inputs!$B$11*Inputs!$B$14*Inputs!$B$17/(Inputs!$B$51*EM5*Inputs!$B$16)) -> 0.74990367 | EO5: =Inputs!$B$50*Inputs!$B$18*EN5*Inputs!$B$19 -> 0.73274905 | EP5: =1-EO5 -> 0.26725095 | EQ5: =Inputs!$B$20*EP5 -> 0.0080175286 | ER5: =0.8*(1-Inputs!$B$50)*(EO5-EQ5) -> 0.0017455941 | ES5: =EO5-EQ5-ER5 -> 0.72298593 | ET5: =ES5*(1-Inputs!$B$18*EXP(-Inputs!$B$21*Inputs!$B$14*Inputs!$B$17/(Inputs!$B$22*Inputs!$B$23*Inputs!$B$24*EM5*Inputs!$B$16))*Inputs!$B$19) -> 0.026351905 | EU5: =(ES5-ET5)*(1-EXP(-Inputs!$B$25*Inputs!$B$14*Inputs!$B$17*Inputs!$B$26/(EM5*Inputs!$B$16/0.866))) -> 0.0076143057 | EV5: =(ES5-ET5-EU5)*(1-Inputs!$B$19) -> 0.0034450986 | EW5: =(EP5+EQ5+ER5+ET5+EU5+EV5)*(1+Inputs!$B$27) -> 0.31536866 | EX5: =Inputs!$B$52/(1-EW5-G5) -> 198170.04 | EY5: =EX5/Inputs!$B$34 -> 330.28341 | EZ5: =B5^2/EY5 -> 12.401471 | FA5: =Inputs!$B$30 -> 19 | FB5: =EXP(-Inputs!$B$11*Inputs!$B$14*Inputs!$B$17/(Inputs!$B$51*FA5*Inputs!$B$16)) -> 0.74990367 | FC5: =Inputs!$B$50*Inputs!$B$18*FB5*Inputs!$B$19 -> 0.73274905 | FD5: =1-FC5 -> 0.26725095 | FE5: =Inputs!$B$20*FD5 -> 0.0080175286 | FF5: =0.8*(1-Inputs!$B$50)*(FC5-FE5) -> 0.0017455941 | FG5: =FC5-FE5-FF5 -> 0.72298593 | FH5: =FG5*(1-Inputs!$B$18*EXP(-Inputs!$B$21*Inputs!$B$14*Inputs!$B$17/(Inputs!$B$22*Inputs!$B$23*Inputs!$B$24*FA5*Inputs!$B$16))*Inputs!$B$19) -> 0.026351905 | FI5: =(FG5-FH5)*(1-EXP(-Inputs!$B$25*Inputs!$B$14*Inputs!$B$17*Inputs!$B$26/(FA5*Inputs!$B$16/0.866))) -> 0.0076143057 | FJ5: =(FG5-FH5-FI5)*(1-Inputs!$B$19) -> 0.0034450986 | FK5: =(FD5+FE5+FF5+FH5+FI5+FJ5)*(1+Inputs!$B$27) -> 0.31536866 | FL5: =Inputs!$B$52/(1-FK5-G5) -> 198170.04 | FM5: =FL5/Inputs!$B$34 -> 330.28341 | FN5: =B5^2/FM5 -> 12.401471 | FO5: =Inputs!$B$30 -> 19 | FP5: =EXP(-Inputs!$B$11*Inputs!$B$14*Inputs!$B$17/(Inputs!$B$51*FO5*Inputs!$B$16)) -> 0.74990367 | FQ5: =Inputs!$B$50*Inputs!$B$18*FP5*Inputs!$B$19 -> 0.73274905 | FR5: =1-FQ5 -> 0.26725095 | FS5: =Inputs!$B$20*FR5 -> 0.0080175286 | FT5: =0.8*(1-Inputs!$B$50)*(FQ5-FS5) -> 0.0017455941 | FU5: =FQ5-FS5-FT5 -> 0.72298593 | FV5: =FU5*(1-Inputs!$B$18*EXP(-Inputs!$B$21*Inputs!$B$14*Inputs!$B$17/(Inputs!$B$22*Inputs!$B$23*Inputs!$B$24*FO5*Inputs!$B$16))*Inputs!$B$19) -> 0.026351905 | FW5: =(FU5-FV5)*(1-EXP(-Inputs!$B$25*Inputs!$B$14*Inputs!$B$17*Inputs!$B$26/(FO5*Inputs!$B$16/0.866))) -> 0.0076143057 | FX5: =(FU5-FV5-FW5)*(1-Inputs!$B$19) -> 0.0034450986 | FY5: =(FR5+FS5+FT5+FV5+FW5+FX5)*(1+Inputs!$B$27) -> 0.31536866 | FZ5: =Inputs!$B$52/(1-FY5-G5) -> 198170.04 | GA5: =FZ5/Inputs!$B$34 -> 330.28341 | GB5: =B5^2/GA5 -> 12.401471 | GC5: =Inputs!$B$30 -> 19 | GD5: =EXP(-Inputs!$B$11*Inputs!$B$14*Inputs!$B$17/(Inputs!$B$51*GC5*Inputs!$B$16)) -> 0.74990367 | GE5: =Inputs!$B$50*Inputs!$B$18*GD5*Inputs!$B$19 -> 0.73274905 | GF5: =1-GE5 -> 0.26725095 | GG5: =Inputs!$B$20*GF5 -> 0.0080175286 | GH5: =0.8*(1-Inputs!$B$50)*(GE5-GG5) -> 0.0017455941 | GI5: =GE5-GG5-GH5 -> 0.72298593 | GJ5: =GI5*(1-Inputs!$B$18*EXP(-Inputs!$B$21*Inputs!$B$14*Inputs!$B$17/(Inputs!$B$22*Inputs!$B$23*Inputs!$B$24*GC5*Inputs!$B$16))*Inputs!$B$19) -> 0.026351905 | GK5: =(GI5-GJ5)*(1-EXP(-Inputs!$B$25*Inputs!$B$14*Inputs!$B$17*Inputs!$B$26/(GC5*Inputs!$B$16/0.866))) -> 0.0076143057 | GL5: =(GI5-GJ5-GK5)*(1-Inputs!$B$19) -> 0.0034450986 | GM5: =(GF5+GG5+GH5+GJ5+GK5+GL5)*(1+Inputs!$B$27) -> 0.31536866 | GN5: =Inputs!$B$52/(1-GM5-G5) -> 198170.04 | GO5: =GN5/Inputs!$B$34 -> 330.28341 | GP5: =B5^2/GO5 -> 12.401471 | GQ5: =Inputs!$B$30 -> 19 | GR5: =EXP(-Inputs!$B$11*Inputs!$B$14*Inputs!$B$17/(Inputs!$B$51*GQ5*Inputs!$B$16)) -> 0.74990367 | GS5: =Inputs!$B$50*Inputs!$B$18*GR5*Inputs!$B$19 -> 0.73274905 | GT5: =1-GS5 -> 0.26725095 | GU5: =Inputs!$B$20*GT5 -> 0.0080175286 | GV5: =0.8*(1-Inputs!$B$50)*(GS5-GU5) -> 0.0017455941 | GW5: =GS5-GU5-GV5 -> 0.72298593 | GX5: =GW5*(1-Inputs!$B$18*EXP(-Inputs!$B$21*Inputs!$B$14*Inputs!$B$17/(Inputs!$B$22*Inputs!$B$23*Inputs!$B$24*GQ5*Inputs!$B$16))*Inputs!$B$19) -> 0.026351905 | GY5: =(GW5-GX5)*(1-EXP(-Inputs!$B$25*Inputs!$B$14*Inputs!$B$17*Inputs!$B$26/(GQ5*Inputs!$B$16/0.866))) -> 0.0076143057 | GZ5: =(GW5-GX5-GY5)*(1-Inputs!$B$19) -> 0.0034450986 | HA5: =(GT5+GU5+GV5+GX5+GY5+GZ5)*(1+Inputs!$B$27) -> 0.31536866 | HB5: =Inputs!$B$52/(1-HA5-G5) -> 198170.04 | HC5: =HB5/Inputs!$B$34 -> 330.28341 | HD5: =B5^2/HC5 -> 12.401471 | HE5: =Inputs!$B$30 -> 19 | HF5: =EXP(-Inputs!$B$11*Inputs!$B$14*Inputs!$B$17/(Inputs!$B$51*HE5*Inputs!$B$16)) -> 0.74990367 | HG5: =Inputs!$B$50*Inputs!$B$18*HF5*Inputs!$B$19 -> 0.73274905 | HH5: =1-HG5 -> 0.26725095 | HI5: =Inputs!$B$20*HH5 -> 0.0080175286 | HJ5: =0.8*(1-Inputs!$B$50)*(HG5-HI5) -> 0.0017455941 | HK5: =HG5-HI5-HJ5 -> 0.72298593 | HL5: =HK5*(1-Inputs!$B$18*EXP(-Inputs!$B$21*Inputs!$B$14*Inputs!$B$17/(Inputs!$B$22*Inputs!$B$23*Inputs!$B$24*HE5*Inputs!$B$16))*Inputs!$B$19) -> 0.026351905 | HM5: =(HK5-HL5)*(1-EXP(-Inputs!$B$25*Inputs!$B$14*Inputs!$B$17*Inputs!$B$26/(HE5*Inputs!$B$16/0.866))) -> 0.0076143057 | HN5: =(HK5-HL5-HM5)*(1-Inputs!$B$19) -> 0.0034450986 | HO5: =(HH5+HI5+HJ5+HL5+HM5+HN5)*(1+Inputs!$B$27) -> 0.31536866 | HP5: =Inputs!$B$52/(1-HO5-G5) -> 198170.04 | HQ5: =HP5/Inputs!$B$34 -> 330.28341 | HR5: =B5^2/HQ5 -> 12.401471 | HS5: =Inputs!$B$30 -> 19 | HT5: =EXP(-Inputs!$B$11*Inputs!$B$14*Inputs!$B$17/(Inputs!$B$51*HS5*Inputs!$B$16)) -> 0.74990367 | HU5: =Inputs!$B$50*Inputs!$B$18*HT5*Inputs!$B$19 -> 0.73274905 | HV5: =1-HU5 -> 0.26725095 | HW5: =Inputs!$B$20*HV5 -> 0.0080175286 | HX5: =0.8*(1-Inputs!$B$50)*(HU5-HW5) -> 0.0017455941 | HY5: =HU5-HW5-HX5 -> 0.72298593 | HZ5: =HY5*(1-Inputs!$B$18*EXP(-Inputs!$B$21*Inputs!$B$14*Inputs!$B$17/(Inputs!$B$22*Inputs!$B$23*Inputs!$B$24*HS5*Inputs!$B$16))*Inputs!$B$19) -> 0.026351905 | IA5: =(HY5-HZ5)*(1-EXP(-Inputs!$B$25*Inputs!$B$14*Inputs!$B$17*Inputs!$B$26/(HS5*Inputs!$B$16/0.866))) -> 0.0076143057 | IB5: =(HY5-HZ5-IA5)*(1-Inputs!$B$19) -> 0.0034450986 | IC5: =(HV5+HW5+HX5+HZ5+IA5+IB5)*(1+Inputs!$B$27) -> 0.31536866 | ID5: =Inputs!$B$52/(1-IC5-G5) -> 198170.04 | IE5: =ID5/Inputs!$B$34 -> 330.28341 | IF5: =B5^2/IE5 -> 12.401471 | IG5: =Inputs!$B$30 -> 19 | IH5: =EXP(-Inputs!$B$11*Inputs!$B$14*Inputs!$B$17/(Inputs!$B$51*IG5*Inputs!$B$16)) -> 0.74990367 | II5: =Inputs!$B$50*Inputs!$B$18*IH5*Inputs!$B$19 -> 0.73274905 | IJ5: =1-II5 -> 0.26725095 | IK5: =Inputs!$B$20*IJ5 -> 0.0080175286 | IL5: =0.8*(1-Inputs!$B$50)*(II5-IK5) -> 0.0017455941 | IM5: =II5-IK5-IL5 -> 0.72298593 | IN5: =IM5*(1-Inputs!$B$18*EXP(-Inputs!$B$21*Inputs!$B$14*Inputs!$B$17/(Inputs!$B$22*Inputs!$B$23*Inputs!$B$24*IG5*Inputs!$B$16))*Inputs!$B$19) -> 0.026351905 | IO5: =(IM5-IN5)*(1-EXP(-Inputs!$B$25*Inputs!$B$14*Inputs!$B$17*Inputs!$B$26/(IG5*Inputs!$B$16/0.866))) -> 0.0076143057 | IP5: =(IM5-IN5-IO5)*(1-Inputs!$B$19) -> 0.0034450986 | IQ5: =(IJ5+IK5+IL5+IN5+IO5+IP5)*(1+Inputs!$B$27) -> 0.31536866 | IR5: =Inputs!$B$52/(1-IQ5-G5) -> 198170.04 | IS5: =IR5/Inputs!$B$34 -> 330.28341 | IT5: =B5^2/IS5 -> 12.401471 | IU5: =Inputs!$B$30 -> 19 | IV5: =EXP(-Inputs!$B$11*Inputs!$B$14*Inputs!$B$17/(Inputs!$B$51*IU5*Inputs!$B$16)) -> 0.74990367 | IW5: =Inputs!$B$50*Inputs!$B$18*IV5*Inputs!$B$19 -> 0.73274905 | IX5: =1-IW5 -> 0.26725095 | IY5: =Inputs!$B$20*IX5 -> 0.0080175286 | IZ5: =0.8*(1-Inputs!$B$50)*(IW5-IY5) -> 0.0017455941 | JA5: =IW5-IY5-IZ5 -> 0.72298593 | JB5: =JA5*(1-Inputs!$B$18*EXP(-Inputs!$B$21*Inputs!$B$14*Inputs!$B$17/(Inputs!$B$22*Inputs!$B$23*Inputs!$B$24*IU5*Inputs!$B$16))*Inputs!$B$19) -> 0.026351905 | JC5: =(JA5-JB5)*(1-EXP(-Inputs!$B$25*Inputs!$B$14*Inputs!$B$17*Inputs!$B$26/(IU5*Inputs!$B$16/0.866))) -> 0.0076143057 | JD5: =(JA5-JB5-JC5)*(1-Inputs!$B$19) -> 0.0034450986 | JE5: =(IX5+IY5+IZ5+JB5+JC5+JD5)*(1+Inputs!$B$27) -> 0.31536866 | JF5: =Inputs!$B$52/(1-JE5-G5) -> 198170.04 | JG5: =JF5/Inputs!$B$34 -> 330.28341 | JH5: =B5^2/JG5 -> 12.401471 | JI5: =Inputs!$B$30 -> 19 | JJ5: =EXP(-Inputs!$B$11*Inputs!$B$14*Inputs!$B$17/(Inputs!$B$51*JI5*Inputs!$B$16)) -> 0.74990367 | JK5: =Inputs!$B$50*Inputs!$B$18*JJ5*Inputs!$B$19 -> 0.73274905 | JL5: =1-JK5 -> 0.26725095 | JM5: =Inputs!$B$20*JL5 -> 0.0080175286 | JN5: =0.8*(1-Inputs!$B$50)*(JK5-JM5) -> 0.0017455941 | JO5: =JK5-JM5-JN5 -> 0.72298593 | JP5: =JO5*(1-Inputs!$B$18*EXP(-Inputs!$B$21*Inputs!$B$14*Inputs!$B$17/(Inputs!$B$22*Inputs!$B$23*Inputs!$B$24*JI5*Inputs!$B$16))*Inputs!$B$19) -> 0.026351905 | JQ5: =(JO5-JP5)*(1-EXP(-Inputs!$B$25*Inputs!$B$14*Inputs!$B$17*Inputs!$B$26/(JI5*Inputs!$B$16/0.866))) -> 0.0076143057 | JR5: =(JO5-JP5-JQ5)*(1-Inputs!$B$19) -> 0.0034450986 | JS5: =(JL5+JM5+JN5+JP5+JQ5+JR5)*(1+Inputs!$B$27) -> 0.31536866 | JT5: =Inputs!$B$52/(1-JS5-G5) -> 198170.04 | JU5: =JT5/Inputs!$B$34 -> 330.28341 | JV5: =B5^2/JU5 -> 12.401471 | JW5: =Inputs!$B$30 -> 19 | JX5: =EXP(-Inputs!$B$11*Inputs!$B$14*Inputs!$B$17/(Inputs!$B$51*JW5*Inputs!$B$16)) -> 0.74990367 | JY5: =Inputs!$B$50*Inputs!$B$18*JX5*Inputs!$B$19 -> 0.73274905 | JZ5: =1-JY5 -> 0.26725095 | KA5: =Inputs!$B$20*JZ5 -> 0.0080175286 | KB5: =0.8*(1-Inputs!$B$50)*(JY5-KA5) -> 0.0017455941 | KC5: =JY5-KA5-KB5 -> 0.72298593 | KD5: =KC5*(1-Inputs!$B$18*EXP(-Inputs!$B$21*Inputs!$B$14*Inputs!$B$17/(Inputs!$B$22*Inputs!$B$23*Inputs!$B$24*JW5*Inputs!$B$16))*Inputs!$B$19) -> 0.026351905 | KE5: =(KC5-KD5)*(1-EXP(-Inputs!$B$25*Inputs!$B$14*Inputs!$B$17*Inputs!$B$26/(JW5*Inputs!$B$16/0.866))) -> 0.0076143057 | KF5: =(KC5-KD5-KE5)*(1-Inputs!$B$19) -> 0.0034450986 | KG5: =(JZ5+KA5+KB5+KD5+KE5+KF5)*(1+Inputs!$B$27) -> 0.31536866 | KH5: =Inputs!$B$52/(1-KG5-G5) -> 198170.04 | KI5: =KH5/Inputs!$B$34 -> 330.28341 | KJ5: =B5^2/KI5 -> 12.401471 | KK5: =Inputs!$B$30 -> 19 | KL5: =EXP(-Inputs!$B$11*Inputs!$B$14*Inputs!$B$17/(Inputs!$B$51*KK5*Inputs!$B$16)) -> 0.74990367 | KM5: =Inputs!$B$50*Inputs!$B$18*KL5*Inputs!$B$19 -> 0.73274905 | KN5: =1-KM5 -> 0.26725095 | KO5: =Inputs!$B$20*KN5 -> 0.0080175286 | KP5: =0.8*(1-Inputs!$B$50)*(KM5-KO5) -> 0.0017455941 | KQ5: =KM5-KO5-KP5 -> 0.72298593 | KR5: =KQ5*(1-Inputs!$B$18*EXP(-Inputs!$B$21*Inputs!$B$14*Inputs!$B$17/(Inputs!$B$22*Inputs!$B$23*Inputs!$B$24*KK5*Inputs!$B$16))*Inputs!$B$19) -> 0.026351905 | KS5: =(KQ5-KR5)*(1-EXP(-Inputs!$B$25*Inputs!$B$14*Inputs!$B$17*Inputs!$B$26/(KK5*Inputs!$B$16/0.866))) -> 0.0076143057 | KT5: =(KQ5-KR5-KS5)*(1-Inputs!$B$19) -> 0.0034450986 | KU5: =(KN5+KO5+KP5+KR5+KS5+KT5)*(1+Inputs!$B$27) -> 0.31536866 | KV5: =Inputs!$B$52/(1-KU5-G5) -> 198170.04 | KW5: =KV5/Inputs!$B$34 -> 330.28341 | KX5: =B5^2/KW5 -> 12.401471 | KY5: =Inputs!$B$30 -> 19 | KZ5: =EXP(-Inputs!$B$11*Inputs!$B$14*Inputs!$B$17/(Inputs!$B$51*KY5*Inputs!$B$16)) -> 0.74990367 | LA5: =Inputs!$B$50*Inputs!$B$18*KZ5*Inputs!$B$19 -> 0.73274905 | LB5: =1-LA5 -> 0.26725095 | LC5: =Inputs!$B$20*LB5 -> 0.0080175286 | LD5: =0.8*(1-Inputs!$B$50)*(LA5-LC5) -> 0.0017455941 | LE5: =LA5-LC5-LD5 -> 0.72298593 | LF5: =LE5*(1-Inputs!$B$18*EXP(-Inputs!$B$21*Inputs!$B$14*Inputs!$B$17/(Inputs!$B$22*Inputs!$B$23*Inputs!$B$24*KY5*Inputs!$B$16))*Inputs!$B$19) -> 0.026351905 | LG5: =(LE5-LF5)*(1-EXP(-Inputs!$B$25*Inputs!$B$14*Inputs!$B$17*Inputs!$B$26/(KY5*Inputs!$B$16/0.866))) -> 0.0076143057 | LH5: =(LE5-LF5-LG5)*(1-Inputs!$B$19) -> 0.0034450986 | LI5: =(LB5+LC5+LD5+LF5+LG5+LH5)*(1+Inputs!$B$27) -> 0.31536866 | LJ5: =Inputs!$B$52/(1-LI5-G5) -> 198170.04 | LK5: =LJ5/Inputs!$B$34 -> 330.28341 | LL5: =B5^2/LK5 -> 12.401471 | LM5: =Inputs!$B$30 -> 19 | LN5: =EXP(-Inputs!$B$11*Inputs!$B$14*Inputs!$B$17/(Inputs!$B$51*LM5*Inputs!$B$16)) -> 0.74990367 | LO5: =Inputs!$B$50*Inputs!$B$18*LN5*Inputs!$B$19 -> 0.73274905 | LP5: =1-LO5 -> 0.26725095 | LQ5: =Inputs!$B$20*LP5 -> 0.0080175286 | LR5: =0.8*(1-Inputs!$B$50)*(LO5-LQ5) -> 0.0017455941 | LS5: =LO5-LQ5-LR5 -> 0.72298593 | LT5: =LS5*(1-Inputs!$B$18*EXP(-Inputs!$B$21*Inputs!$B$14*Inputs!$B$17/(Inputs!$B$22*Inputs!$B$23*Inputs!$B$24*LM5*Inputs!$B$16))*Inputs!$B$19) -> 0.026351905 | LU5: =(LS5-LT5)*(1-EXP(-Inputs!$B$25*Inputs!$B$14*Inputs!$B$17*Inputs!$B$26/(LM5*Inputs!$B$16/0.866))) -> 0.0076143057 | LV5: =(LS5-LT5-LU5)*(1-Inputs!$B$19) -> 0.0034450986 | LW5: =(LP5+LQ5+LR5+LT5+LU5+LV5)*(1+Inputs!$B$27) -> 0.31536866 | LX5: =Inputs!$B$52/(1-LW5-G5) -> 198170.04 | LY5: =LX5/Inputs!$B$34 -> 330.28341 | LZ5: =B5^2/LY5 -> 12.401471 | MA5: =Inputs!$B$30 -> 19 | MB5: =EXP(-Inputs!$B$11*Inputs!$B$14*Inputs!$B$17/(Inputs!$B$51*MA5*Inputs!$B$16)) -> 0.74990367 | MC5: =Inputs!$B$50*Inputs!$B$18*MB5*Inputs!$B$19 -> 0.73274905 | MD5: =1-MC5 -> 0.26725095 | ME5: =Inputs!$B$20*MD5 -> 0.0080175286 | MF5: =0.8*(1-Inputs!$B$50)*(MC5-ME5) -> 0.0017455941 | MG5: =MC5-ME5-MF5 -> 0.72298593 | MH5: =MG5*(1-Inputs!$B$18*EXP(-Inputs!$B$21*Inputs!$B$14*Inputs!$B$17/(Inputs!$B$22*Inputs!$B$23*Inputs!$B$24*MA5*Inputs!$B$16))*Inputs!$B$19) -> 0.026351905 | MI5: =(MG5-MH5)*(1-EXP(-Inputs!$B$25*Inputs!$B$14*Inputs!$B$17*Inputs!$B$26/(MA5*Inputs!$B$16/0.866))) -> 0.0076143057 | MJ5: =(MG5-MH5-MI5)*(1-Inputs!$B$19) -> 0.0034450986 | MK5: =(MD5+ME5+MF5+MH5+MI5+MJ5)*(1+Inputs!$B$27) -> 0.31536866 | ML5: =Inputs!$B$52/(1-MK5-G5) -> 198170.04 | MM5: =ML5/Inputs!$B$34 -> 330.28341 | MN5: =B5^2/MM5 -> 12.401471 | MO5: =Inputs!$B$30 -> 19 | MP5: =EXP(-Inputs!$B$11*Inputs!$B$14*Inputs!$B$17/(Inputs!$B$51*MO5*Inputs!$B$16)) -> 0.74990367 | MQ5: =Inputs!$B$50*Inputs!$B$18*MP5*Inputs!$B$19 -> 0.73274905 | MR5: =1-MQ5 -> 0.26725095 | MS5: =Inputs!$B$20*MR5 -> 0.0080175286 | MT5: =0.8*(1-Inputs!$B$50)*(MQ5-MS5) -> 0.0017455941 | MU5: =MQ5-MS5-MT5 -> 0.72298593 | MV5: =MU5*(1-Inputs!$B$18*EXP(-Inputs!$B$21*Inputs!$B$14*Inputs!$B$17/(Inputs!$B$22*Inputs!$B$23*Inputs!$B$24*MO5*Inputs!$B$16))*Inputs!$B$19) -> 0.026351905 | MW5: =(MU5-MV5)*(1-EXP(-Inputs!$B$25*Inputs!$B$14*Inputs!$B$17*Inputs!$B$26/(MO5*Inputs!$B$16/0.866))) -> 0.0076143057 | MX5: =(MU5-MV5-MW5)*(1-Inputs!$B$19) -> 0.0034450986 | MY5: =(MR5+MS5+MT5+MV5+MW5+MX5)*(1+Inputs!$B$27) -> 0.31536866 | MZ5: =Inputs!$B$52/(1-MY5-G5) -> 198170.04 | NA5: =MZ5/Inputs!$B$34 -> 330.28341 | NB5: =B5^2/NA5 -> 12.401471 | NC5: =Inputs!$B$30 -> 19 | ND5: =EXP(-Inputs!$B$11*Inputs!$B$14*Inputs!$B$17/(Inputs!$B$51*NC5*Inputs!$B$16)) -> 0.74990367 | NE5: =Inputs!$B$50*Inputs!$B$18*ND5*Inputs!$B$19 -> 0.73274905 | NF5: =1-NE5 -> 0.26725095 | NG5: =Inputs!$B$20*NF5 -> 0.0080175286 | NH5: =0.8*(1-Inputs!$B$50)*(NE5-NG5) -> 0.0017455941 | NI5: =NE5-NG5-NH5 -> 0.72298593 | NJ5: =NI5*(1-Inputs!$B$18*EXP(-Inputs!$B$21*Inputs!$B$14*Inputs!$B$17/(Inputs!$B$22*Inputs!$B$23*Inputs!$B$24*NC5*Inputs!$B$16))*Inputs!$B$19) -> 0.026351905 | NK5: =(NI5-NJ5)*(1-EXP(-Inputs!$B$25*Inputs!$B$14*Inputs!$B$17*Inputs!$B$26/(NC5*Inputs!$B$16/0.866))) -> 0.0076143057 | NL5: =(NI5-NJ5-NK5)*(1-Inputs!$B$19) -> 0.0034450986 | NM5: =(NF5+NG5+NH5+NJ5+NK5+NL5)*(1+Inputs!$B$27) -> 0.31536866 | NN5: =Inputs!$B$52/(1-NM5-G5) -> 198170.04
A6: Conventional | B6: 56 | C6: 0 | D6: =B6*C6 -> 0 | E6: =IF(C6=0,1,(1+0.45*C6)/(1.04+2.81*C6)) -> 1 | F6: =1+Inputs!$B$42*D6 -> 1 | G6: =Inputs!$B$31+Inputs!$B$43*(B6/Inputs!$B$32-1) -> 0.50625 | H6: =Inputs!$B$37 -> 0.5 | I6: =Inputs!$B$39 -> 2.6 | J6: =NN6/Inputs!$B$34 -> 381.10188 | K6: =B6^2/J6 -> 8.2287707 | L6: =K6 -> 8.2287707 | M6: =NC6 -> 16.343401 | N6: =B6/SQRT(E6) -> 56 | O6: =NM6 -> 0.35107162 | P6: =NN6/1000 -> 228.66113 | Q6: =G6*NN6/1000 -> 115.7597 | R6: =NM6*NN6/1000 -> 80.276432 | S6: =NM6*NN6/Inputs!$B$28/1000 -> 107.03524 | T6: =R6/Sweep!$R$5-1 -> 0.28449235 | U6: =R6/SUMIFS(Sweep!$R:$R,Sweep!$A:$A,"Conventional",Sweep!$B:$B,B6)-1 -> 0 | V6: =1*0.54*(J6/1)^1.5/SQRT(L6)*Inputs!$B$46*Inputs!$B$47 -> 130.9482 | W6: =MIN(1,V6/S6) -> 1 | X6: =1.23*SQRT(2*Inputs!$B$41*NN6*Inputs!$B$49/(1.225*J6*I6))/0.5144 -> 128.38724 | Y6: =(11000+6341.6*LN(0.36392/(2*Inputs!$B$50*Inputs!$B$18*(1+ND6)/2*Inputs!$B$34*Inputs!$B$49/((Inputs!$B$12*295.07)^2*H6))))/0.3048 -> 39073.543 | Z6: =NN6-MZ6 -> 3.7822323 | AA6: =IF(ABS(NN6-MZ6)<10,"Yes","No") -> Yes | AC6: =Inputs!$B$52/(1-0.3154-G6)/Inputs!$B$34 -> 304.87805 | AD6: =B6^2/AC6 -> 10.28608 | AE6: =Inputs!$B$54*H6/(Inputs!$B$35*F6+E6*H6^2/(PI()*AD6*Inputs!$B$36)) -> 17.82486 | AF6: =EXP(-Inputs!$B$11*Inputs!$B$14*Inputs!$B$17/(Inputs!$B$51*AE6*Inputs!$B$16)) -> 0.73580878 | AG6: =Inputs!$B$50*Inputs!$B$18*AF6*Inputs!$B$19 -> 0.71897658 | AH6: =1-AG6 -> 0.28102342 | AI6: =Inputs!$B$20*AH6 -> 0.0084307025 | AJ6: =0.8*(1-Inputs!$B$50)*(AG6-AI6) -> 0.0017114265 | AK6: =AG6-AI6-AJ6 -> 0.70883445 | AL6: =AK6*(1-Inputs!$B$18*EXP(-Inputs!$B$21*Inputs!$B$14*Inputs!$B$17/(Inputs!$B$22*Inputs!$B$23*Inputs!$B$24*AE6*Inputs!$B$16))*Inputs!$B$19) -> 0.026601302 | AM6: =(AK6-AL6)*(1-EXP(-Inputs!$B$25*Inputs!$B$14*Inputs!$B$17*Inputs!$B$26/(AE6*Inputs!$B$16/0.866))) -> 0.00794564 | AN6: =(AK6-AL6-AM6)*(1-Inputs!$B$19) -> 0.0033714376 | AO6: =(AH6+AI6+AJ6+AL6+AM6+AN6)*(1+Inputs!$B$27) -> 0.33007118 | AP6: =Inputs!$B$52/(1-AO6-G6) -> 199323.28 | AQ6: =AP6/Inputs!$B$34 -> 332.20547 | AR6: =B6^2/AQ6 -> 9.4399409 | AS6: =Inputs!$B$54*H6/(Inputs!$B$35*F6+E6*H6^2/(PI()*AR6*Inputs!$B$36)) -> 17.263777 | AT6: =EXP(-Inputs!$B$11*Inputs!$B$14*Inputs!$B$17/(Inputs!$B$51*AS6*Inputs!$B$16)) -> 0.72850871 | AU6: =Inputs!$B$50*Inputs!$B$18*AT6*Inputs!$B$19 -> 0.71184351 | AV6: =1-AU6 -> 0.28815649 | AW6: =Inputs!$B$20*AV6 -> 0.0086446947 | AX6: =0.8*(1-Inputs!$B$50)*(AU6-AW6) -> 0.0016937303 | AY6: =AU6-AW6-AX6 -> 0.70150509 | AZ6: =AY6*(1-Inputs!$B$18*EXP(-Inputs!$B$21*Inputs!$B$14*Inputs!$B$17/(Inputs!$B$22*Inputs!$B$23*Inputs!$B$24*AS6*Inputs!$B$16))*Inputs!$B$19) -> 0.026723842 | BA6: =(AY6-AZ6)*(1-EXP(-Inputs!$B$25*Inputs!$B$14*Inputs!$B$17*Inputs!$B$26/(AS6*Inputs!$B$16/0.866))) -> 0.0081127269 | BB6: =(AY6-AZ6-BA6)*(1-Inputs!$B$19) -> 0.0033333426 | BC6: =(AV6+AW6+AX6+AZ6+BA6+BB6)*(1+Inputs!$B$27) -> 0.33767482 | BD6: =Inputs!$B$52/(1-BC6-G6) -> 209033.88 | BE6: =BD6/Inputs!$B$34 -> 348.3898 | BF6: =B6^2/BE6 -> 9.0014117 | BG6: =Inputs!$B$54*H6/(Inputs!$B$35*F6+E6*H6^2/(PI()*BF6*Inputs!$B$36)) -> 16.947833 | BH6: =EXP(-Inputs!$B$11*Inputs!$B$14*Inputs!$B$17/(Inputs!$B$51*BG6*Inputs!$B$16)) -> 0.72421953 | BI6: =Inputs!$B$50*Inputs!$B$18*BH6*Inputs!$B$19 -> 0.70765245 | BJ6: =1-BI6 -> 0.29234755 | BK6: =Inputs!$B$20*BJ6 -> 0.0087704266 | BL6: =0.8*(1-Inputs!$B$50)*(BI6-BK6) -> 0.0016833328 | BM6: =BI6-BK6-BL6 -> 0.69719869 | BN6: =BM6*(1-Inputs!$B$18*EXP(-Inputs!$B$21*Inputs!$B$14*Inputs!$B$17/(Inputs!$B$22*Inputs!$B$23*Inputs!$B$24*BG6*Inputs!$B$16))*Inputs!$B$19) -> 0.026793708 | BO6: =(BM6-BN6)*(1-EXP(-Inputs!$B$25*Inputs!$B$14*Inputs!$B$17*Inputs!$B$26/(BG6*Inputs!$B$16/0.866))) -> 0.0082094466 | BP6: =(BM6-BN6-BO6)*(1-Inputs!$B$19) -> 0.0033109777 | BQ6: =(BJ6+BK6+BL6+BN6+BO6+BP6)*(1+Inputs!$B$27) -> 0.34213879 | BR6: =Inputs!$B$52/(1-BQ6-G6) -> 215188.57 | BS6: =BR6/Inputs!$B$34 -> 358.64762 | BT6: =B6^2/BS6 -> 8.7439587 | BU6: =Inputs!$B$54*H6/(Inputs!$B$35*F6+E6*H6^2/(PI()*BT6*Inputs!$B$36)) -> 16.753502 | BV6: =EXP(-Inputs!$B$11*Inputs!$B$14*Inputs!$B$17/(Inputs!$B$51*BU6*Inputs!$B$16)) -> 0.72151408 | BW6: =Inputs!$B$50*Inputs!$B$18*BV6*Inputs!$B$19 -> 0.70500889 | BX6: =1-BW6 -> 0.29499111 | BY6: =Inputs!$B$20*BX6 -> 0.0088497334 | BZ6: =0.8*(1-Inputs!$B$50)*(BW6-BY6) -> 0.0016767745 | CA6: =BW6-BY6-BZ6 -> 0.69448238 | CB6: =CA6*(1-Inputs!$B$18*EXP(-Inputs!$B$21*Inputs!$B$14*Inputs!$B$17/(Inputs!$B$22*Inputs!$B$23*Inputs!$B$24*BU6*Inputs!$B$16))*Inputs!$B$19) -> 0.026836959 | CC6: =(CA6-CB6)*(1-EXP(-Inputs!$B$25*Inputs!$B$14*Inputs!$B$17*Inputs!$B$26/(BU6*Inputs!$B$16/0.866))) -> 0.0082698974 | CD6: =(CA6-CB6-CC6)*(1-Inputs!$B$19) -> 0.0032968776 | CE6: =(BX6+BY6+BZ6+CB6+CC6+CD6)*(1+Inputs!$B$27) -> 0.34495312 | CF6: =Inputs!$B$52/(1-CE6-G6) -> 219258.63 | CG6: =CF6/Inputs!$B$34 -> 365.43105 | CH6: =B6^2/CG6 -> 8.5816463 | CI6: =Inputs!$B$54*H6/(Inputs!$B$35*F6+E6*H6^2/(PI()*CH6*Inputs!$B$36)) -> 16.627422 | CJ6: =EXP(-Inputs!$B$11*Inputs!$B$14*Inputs!$B$17/(Inputs!$B$51*CI6*Inputs!$B$16)) -> 0.71973053 | CK6: =Inputs!$B$50*Inputs!$B$18*CJ6*Inputs!$B$19 -> 0.70326614 | CL6: =1-CK6 -> 0.29673386 | CM6: =Inputs!$B$20*CL6 -> 0.0089020157 | CN6: =0.8*(1-Inputs!$B$50)*(CK6-CM6) -> 0.001672451 | CO6: =CK6-CM6-CN6 -> 0.69269168 | CP6: =CO6*(1-Inputs!$B$18*EXP(-Inputs!$B$21*Inputs!$B$14*Inputs!$B$17/(Inputs!$B$22*Inputs!$B$23*Inputs!$B$24*CI6*Inputs!$B$16))*Inputs!$B$19) -> 0.026865124 | CQ6: =(CO6-CP6)*(1-EXP(-Inputs!$B$25*Inputs!$B$14*Inputs!$B$17*Inputs!$B$26/(CI6*Inputs!$B$16/0.866))) -> 0.0083095127 | CR6: =(CO6-CP6-CQ6)*(1-Inputs!$B$19) -> 0.0032875852 | CS6: =(CL6+CM6+CN6+CP6+CQ6+CR6)*(1+Inputs!$B$27) -> 0.34680786 | CT6: =Inputs!$B$52/(1-CS6-G6) -> 222026.16 | CU6: =CT6/Inputs!$B$34 -> 370.0436 | CV6: =B6^2/CU6 -> 8.474677 | CW6: =Inputs!$B$54*H6/(Inputs!$B$35*F6+E6*H6^2/(PI()*CV6*Inputs!$B$36)) -> 16.542769 | CX6: =EXP(-Inputs!$B$11*Inputs!$B$14*Inputs!$B$17/(Inputs!$B$51*CW6*Inputs!$B$16)) -> 0.71852029 | CY6: =Inputs!$B$50*Inputs!$B$18*CX6*Inputs!$B$19 -> 0.70208359 | CZ6: =1-CY6 -> 0.29791641 | DA6: =Inputs!$B$20*CZ6 -> 0.0089374924 | DB6: =0.8*(1-Inputs!$B$50)*(CY6-DA6) -> 0.0016695172 | DC6: =CY6-DA6-DB6 -> 0.69147658 | DD6: =DC6*(1-Inputs!$B$18*EXP(-Inputs!$B$21*Inputs!$B$14*Inputs!$B$17/(Inputs!$B$22*Inputs!$B$23*Inputs!$B$24*CW6*Inputs!$B$16))*Inputs!$B$19) -> 0.026884079 | DE6: =(DC6-DD6)*(1-EXP(-Inputs!$B$25*Inputs!$B$14*Inputs!$B$17*Inputs!$B$26/(CW6*Inputs!$B$16/0.866))) -> 0.0083362871 | DF6: =(DC6-DD6-DE6)*(1-Inputs!$B$19) -> 0.0032812811 | DG6: =(CZ6+DA6+DB6+DD6+DE6+DF6)*(1+Inputs!$B$27) -> 0.34806614 | DH6: =Inputs!$B$52/(1-DG6-G6) -> 223943.83 | DI6: =DH6/Inputs!$B$34 -> 373.23971 | DJ6: =B6^2/DI6 -> 8.4021071 | DK6: =Inputs!$B$54*H6/(Inputs!$B$35*F6+E6*H6^2/(PI()*DJ6*Inputs!$B$36)) -> 16.484616 | DL6: =EXP(-Inputs!$B$11*Inputs!$B$14*Inputs!$B$17/(Inputs!$B$51*DK6*Inputs!$B$16)) -> 0.71768289 | DM6: =Inputs!$B$50*Inputs!$B$18*DL6*Inputs!$B$19 -> 0.70126534 | DN6: =1-DM6 -> 0.29873466 | DO6: =Inputs!$B$20*DN6 -> 0.0089620398 | DP6: =0.8*(1-Inputs!$B$50)*(DM6-DO6) -> 0.0016674873 | DQ6: =DM6-DO6-DP6 -> 0.69063581 | DR6: =DQ6*(1-Inputs!$B$18*EXP(-Inputs!$B$21*Inputs!$B$14*Inputs!$B$17/(Inputs!$B$22*Inputs!$B$23*Inputs!$B$24*DK6*Inputs!$B$16))*Inputs!$B$19) -> 0.026897119 | DS6: =(DQ6-DR6)*(1-EXP(-Inputs!$B$25*Inputs!$B$14*Inputs!$B$17*Inputs!$B$26/(DK6*Inputs!$B$16/0.866))) -> 0.0083547622 | DT6: =(DQ6-DR6-DS6)*(1-Inputs!$B$19) -> 0.0032769197 | DU6: =(DN6+DO6+DP6+DR6+DS6+DT6)*(1+Inputs!$B$27) -> 0.34893667 | DV6: =Inputs!$B$52/(1-DU6-G6) -> 225290.03 | DW6: =DV6/Inputs!$B$34 -> 375.48338 | DX6: =B6^2/DW6 -> 8.351901 | DY6: =Inputs!$B$54*H6/(Inputs!$B$35*F6+E6*H6^2/(PI()*DX6*Inputs!$B$36)) -> 16.444036 | DZ6: =EXP(-Inputs!$B$11*Inputs!$B$14*Inputs!$B$17/(Inputs!$B$51*DY6*Inputs!$B$16)) -> 0.71709562 | EA6: =Inputs!$B$50*Inputs!$B$18*DZ6*Inputs!$B$19 -> 0.7006915 | EB6: =1-EA6 -> 0.2993085 | EC6: =Inputs!$B$20*EB6 -> 0.0089792549 | ED6: =0.8*(1-Inputs!$B$50)*(EA6-EC6) -> 0.0016660637 | EE6: =EA6-EC6-ED6 -> 0.69004618 | EF6: =EE6*(1-Inputs!$B$18*EXP(-Inputs!$B$21*Inputs!$B$14*Inputs!$B$17/(Inputs!$B$22*Inputs!$B$23*Inputs!$B$24*DY6*Inputs!$B$16))*Inputs!$B$19) -> 0.026906228 | EG6: =(EE6-EF6)*(1-EXP(-Inputs!$B$25*Inputs!$B$14*Inputs!$B$17*Inputs!$B$26/(DY6*Inputs!$B$16/0.866))) -> 0.0083676941 | EH6: =(EE6-EF6-EG6)*(1-Inputs!$B$19) -> 0.0032738613 | EI6: =(EB6+EC6+ED6+EF6+EG6+EH6)*(1+Inputs!$B$27) -> 0.3495471 | EJ6: =Inputs!$B$52/(1-EI6-G6) -> 226243.72 | EK6: =EJ6/Inputs!$B$34 -> 377.07287 | EL6: =B6^2/EK6 -> 8.3166948 | EM6: =Inputs!$B$54*H6/(Inputs!$B$35*F6+E6*H6^2/(PI()*EL6*Inputs!$B$36)) -> 16.415408 | EN6: =EXP(-Inputs!$B$11*Inputs!$B$14*Inputs!$B$17/(Inputs!$B$51*EM6*Inputs!$B$16)) -> 0.71667986 | EO6: =Inputs!$B$50*Inputs!$B$18*EN6*Inputs!$B$19 -> 0.70028526 | EP6: =1-EO6 -> 0.29971474 | EQ6: =Inputs!$B$20*EP6 -> 0.0089914422 | ER6: =0.8*(1-Inputs!$B$50)*(EO6-EQ6) -> 0.0016650558 | ES6: =EO6-EQ6-ER6 -> 0.68962876 | ET6: =ES6*(1-Inputs!$B$18*EXP(-Inputs!$B$21*Inputs!$B$14*Inputs!$B$17/(Inputs!$B$22*Inputs!$B$23*Inputs!$B$24*EM6*Inputs!$B$16))*Inputs!$B$19) -> 0.026912658 | EU6: =(ES6-ET6)*(1-EXP(-Inputs!$B$25*Inputs!$B$14*Inputs!$B$17*Inputs!$B$26/(EM6*Inputs!$B$16/0.866))) -> 0.0083768368 | EV6: =(ES6-ET6-EU6)*(1-Inputs!$B$19) -> 0.0032716963 | EW6: =(EP6+EQ6+ER6+ET6+EU6+EV6)*(1+Inputs!$B$27) -> 0.34997923 | EX6: =Inputs!$B$52/(1-EW6-G6) -> 226923.73 | EY6: =EX6/Inputs!$B$34 -> 378.20622 | EZ6: =B6^2/EY6 -> 8.2917727 | FA6: =Inputs!$B$54*H6/(Inputs!$B$35*F6+E6*H6^2/(PI()*EZ6*Inputs!$B$36)) -> 16.395057 | FB6: =EXP(-Inputs!$B$11*Inputs!$B$14*Inputs!$B$17/(Inputs!$B$51*FA6*Inputs!$B$16)) -> 0.71638357 | FC6: =Inputs!$B$50*Inputs!$B$18*FB6*Inputs!$B$19 -> 0.69999574 | FD6: =1-FC6 -> 0.30000426 | FE6: =Inputs!$B$20*FD6 -> 0.0090001277 | FF6: =0.8*(1-Inputs!$B$50)*(FC6-FE6) -> 0.0016643376 | FG6: =FC6-FE6-FF6 -> 0.68933128 | FH6: =FG6*(1-Inputs!$B$18*EXP(-Inputs!$B$21*Inputs!$B$14*Inputs!$B$17/(Inputs!$B$22*Inputs!$B$23*Inputs!$B$24*FA6*Inputs!$B$16))*Inputs!$B$19) -> 0.026917232 | FI6: =(FG6-FH6)*(1-EXP(-Inputs!$B$25*Inputs!$B$14*Inputs!$B$17*Inputs!$B$26/(FA6*Inputs!$B$16/0.866))) -> 0.0083833462 | FJ6: =(FG6-FH6-FI6)*(1-Inputs!$B$19) -> 0.0032701535 | FK6: =(FD6+FE6+FF6+FH6+FI6+FJ6)*(1+Inputs!$B$27) -> 0.35028717 | FL6: =Inputs!$B$52/(1-FK6-G6) -> 227410.83 | FM6: =FL6/Inputs!$B$34 -> 379.01804 | FN6: =B6^2/FM6 -> 8.2740124 | FO6: =Inputs!$B$54*H6/(Inputs!$B$35*F6+E6*H6^2/(PI()*FN6*Inputs!$B$36)) -> 16.38051 | FP6: =EXP(-Inputs!$B$11*Inputs!$B$14*Inputs!$B$17/(Inputs!$B$51*FO6*Inputs!$B$16)) -> 0.7161714 | FQ6: =Inputs!$B$50*Inputs!$B$18*FP6*Inputs!$B$19 -> 0.69978843 | FR6: =1-FQ6 -> 0.30021157 | FS6: =Inputs!$B$20*FR6 -> 0.009006347 | FT6: =0.8*(1-Inputs!$B$50)*(FQ6-FS6) -> 0.0016638233 | FU6: =FQ6-FS6-FT6 -> 0.68911826 | FV6: =FU6*(1-Inputs!$B$18*EXP(-Inputs!$B$21*Inputs!$B$14*Inputs!$B$17/(Inputs!$B$22*Inputs!$B$23*Inputs!$B$24*FO6*Inputs!$B$16))*Inputs!$B$19) -> 0.026920502 | FW6: =(FU6-FV6)*(1-EXP(-Inputs!$B$25*Inputs!$B$14*Inputs!$B$17*Inputs!$B$26/(FO6*Inputs!$B$16/0.866))) -> 0.0083880041 | FX6: =(FU6-FV6-FW6)*(1-Inputs!$B$19) -> 0.0032690488 | FY6: =(FR6+FS6+FT6+FV6+FW6+FX6)*(1+Inputs!$B$27) -> 0.35050767 | FZ6: =Inputs!$B$52/(1-FY6-G6) -> 227760.89 | GA6: =FZ6/Inputs!$B$34 -> 379.60148 | GB6: =B6^2/GA6 -> 8.2612955 | GC6: =Inputs!$B$54*H6/(Inputs!$B$35*F6+E6*H6^2/(PI()*GB6*Inputs!$B$36)) -> 16.370072 | GD6: =EXP(-Inputs!$B$11*Inputs!$B$14*Inputs!$B$17/(Inputs!$B$51*GC6*Inputs!$B$16)) -> 0.71601897 | GE6: =Inputs!$B$50*Inputs!$B$18*GD6*Inputs!$B$19 -> 0.69963948 | GF6: =1-GE6 -> 0.30036052 | GG6: =Inputs!$B$20*GF6 -> 0.0090108155 | GH6: =0.8*(1-Inputs!$B$50)*(GE6-GG6) -> 0.0016634537 | GI6: =GE6-GG6-GH6 -> 0.68896521 | GJ6: =GI6*(1-Inputs!$B$18*EXP(-Inputs!$B$21*Inputs!$B$14*Inputs!$B$17/(Inputs!$B$22*Inputs!$B$23*Inputs!$B$24*GC6*Inputs!$B$16))*Inputs!$B$19) -> 0.026922849 | GK6: =(GI6-GJ6)*(1-EXP(-Inputs!$B$25*Inputs!$B$14*Inputs!$B$17*Inputs!$B$26/(GC6*Inputs!$B$16/0.866))) -> 0.0083913491 | GL6: =(GI6-GJ6-GK6)*(1-Inputs!$B$19) -> 0.0032682551 | GM6: =(GF6+GG6+GH6+GJ6+GK6+GL6)*(1+Inputs!$B$27) -> 0.35066609 | GN6: =Inputs!$B$52/(1-GM6-G6) -> 228013.06 | GO6: =GN6/Inputs!$B$34 -> 380.02177 | GP6: =B6^2/GO6 -> 8.2521588 | GQ6: =Inputs!$B$54*H6/(Inputs!$B$35*F6+E6*H6^2/(PI()*GP6*Inputs!$B$36)) -> 16.36256 | GR6: =EXP(-Inputs!$B$11*Inputs!$B$14*Inputs!$B$17/(Inputs!$B$51*GQ6*Inputs!$B$16)) -> 0.71590918 | GS6: =Inputs!$B$50*Inputs!$B$18*GR6*Inputs!$B$19 -> 0.6995322 | GT6: =1-GS6 -> 0.3004678 | GU6: =Inputs!$B$20*GT6 -> 0.0090140339 | GV6: =0.8*(1-Inputs!$B$50)*(GS6-GU6) -> 0.0016631876 | GW6: =GS6-GU6-GV6 -> 0.68885498 | GX6: =GW6*(1-Inputs!$B$18*EXP(-Inputs!$B$21*Inputs!$B$14*Inputs!$B$17/(Inputs!$B$22*Inputs!$B$23*Inputs!$B$24*GQ6*Inputs!$B$16))*Inputs!$B$19) -> 0.026924538 | GY6: =(GW6-GX6)*(1-EXP(-Inputs!$B$25*Inputs!$B$14*Inputs!$B$17*Inputs!$B$26/(GQ6*Inputs!$B$16/0.866))) -> 0.0083937574 | GZ6: =(GW6-GX6-GY6)*(1-Inputs!$B$19) -> 0.0032676834 | HA6: =(GT6+GU6+GV6+GX6+GY6+GZ6)*(1+Inputs!$B$27) -> 0.35078019 | HB6: =Inputs!$B$52/(1-HA6-G6) -> 228195.03 | HC6: =HB6/Inputs!$B$34 -> 380.32505 | HD6: =B6^2/HC6 -> 8.2455783 | HE6: =Inputs!$B$54*H6/(Inputs!$B$35*F6+E6*H6^2/(PI()*HD6*Inputs!$B$36)) -> 16.357144 | HF6: =EXP(-Inputs!$B$11*Inputs!$B$14*Inputs!$B$17/(Inputs!$B$51*HE6*Inputs!$B$16)) -> 0.71582996 | HG6: =Inputs!$B$50*Inputs!$B$18*HF6*Inputs!$B$19 -> 0.6994548 | HH6: =1-HG6 -> 0.3005452 | HI6: =Inputs!$B$20*HH6 -> 0.009016356 | HJ6: =0.8*(1-Inputs!$B$50)*(HG6-HI6) -> 0.0016629956 | HK6: =HG6-HI6-HJ6 -> 0.68877545 | HL6: =HK6*(1-Inputs!$B$18*EXP(-Inputs!$B$21*Inputs!$B$14*Inputs!$B$17/(Inputs!$B$22*Inputs!$B$23*Inputs!$B$24*HE6*Inputs!$B$16))*Inputs!$B$19) -> 0.026925756 | HM6: =(HK6-HL6)*(1-EXP(-Inputs!$B$25*Inputs!$B$14*Inputs!$B$17*Inputs!$B$26/(HE6*Inputs!$B$16/0.866))) -> 0.0083954946 | HN6: =(HK6-HL6-HM6)*(1-Inputs!$B$19) -> 0.003267271 | HO6: =(HH6+HI6+HJ6+HL6+HM6+HN6)*(1+Inputs!$B$27) -> 0.35086251 | HP6: =Inputs!$B$52/(1-HO6-G6) -> 228326.5 | HQ6: =HP6/Inputs!$B$34 -> 380.54417 | HR6: =B6^2/HQ6 -> 8.2408305 | HS6: =Inputs!$B$54*H6/(Inputs!$B$35*F6+E6*H6^2/(PI()*HR6*Inputs!$B$36)) -> 16.353234 | HT6: =EXP(-Inputs!$B$11*Inputs!$B$14*Inputs!$B$17/(Inputs!$B$51*HS6*Inputs!$B$16)) -> 0.71577273 | HU6: =Inputs!$B$50*Inputs!$B$18*HT6*Inputs!$B$19 -> 0.69939888 | HV6: =1-HU6 -> 0.30060112 | HW6: =Inputs!$B$20*HV6 -> 0.0090180335 | HX6: =0.8*(1-Inputs!$B$50)*(HU6-HW6) -> 0.0016628568 | HY6: =HU6-HW6-HX6 -> 0.68871799 | HZ6: =HY6*(1-Inputs!$B$18*EXP(-Inputs!$B$21*Inputs!$B$14*Inputs!$B$17/(Inputs!$B$22*Inputs!$B$23*Inputs!$B$24*HS6*Inputs!$B$16))*Inputs!$B$19) -> 0.026926636 | IA6: =(HY6-HZ6)*(1-EXP(-Inputs!$B$25*Inputs!$B$14*Inputs!$B$17*Inputs!$B$26/(HS6*Inputs!$B$16/0.866))) -> 0.0083967493 | IB6: =(HY6-HZ6-IA6)*(1-Inputs!$B$19) -> 0.003266973 | IC6: =(HV6+HW6+HX6+HZ6+IA6+IB6)*(1+Inputs!$B$27) -> 0.35092198 | ID6: =Inputs!$B$52/(1-IC6-G6) -> 228421.57 | IE6: =ID6/Inputs!$B$34 -> 380.70262 | IF6: =B6^2/IE6 -> 8.2374006 | IG6: =Inputs!$B$54*H6/(Inputs!$B$35*F6+E6*H6^2/(PI()*IF6*Inputs!$B$36)) -> 16.350407 | IH6: =EXP(-Inputs!$B$11*Inputs!$B$14*Inputs!$B$17/(Inputs!$B$51*IG6*Inputs!$B$16)) -> 0.71573136 | II6: =Inputs!$B$50*Inputs!$B$18*IH6*Inputs!$B$19 -> 0.69935845 | IJ6: =1-II6 -> 0.30064155 | IK6: =Inputs!$B$20*IJ6 -> 0.0090192465 | IL6: =0.8*(1-Inputs!$B$50)*(II6-IK6) -> 0.0016627565 | IM6: =II6-IK6-IL6 -> 0.68867645 | IN6: =IM6*(1-Inputs!$B$18*EXP(-Inputs!$B$21*Inputs!$B$14*Inputs!$B$17/(Inputs!$B$22*Inputs!$B$23*Inputs!$B$24*IG6*Inputs!$B$16))*Inputs!$B$19) -> 0.026927272 | IO6: =(IM6-IN6)*(1-EXP(-Inputs!$B$25*Inputs!$B$14*Inputs!$B$17*Inputs!$B$26/(IG6*Inputs!$B$16/0.866))) -> 0.0083976565 | IP6: =(IM6-IN6-IO6)*(1-Inputs!$B$19) -> 0.0032667576 | IQ6: =(IJ6+IK6+IL6+IN6+IO6+IP6)*(1+Inputs!$B$27) -> 0.35096499 | IR6: =Inputs!$B$52/(1-IQ6-G6) -> 228490.36 | IS6: =IR6/Inputs!$B$34 -> 380.81727 | IT6: =B6^2/IS6 -> 8.2349206 | IU6: =Inputs!$B$54*H6/(Inputs!$B$35*F6+E6*H6^2/(PI()*IT6*Inputs!$B$36)) -> 16.348362 | IV6: =EXP(-Inputs!$B$11*Inputs!$B$14*Inputs!$B$17/(Inputs!$B$51*IU6*Inputs!$B$16)) -> 0.71570142 | IW6: =Inputs!$B$50*Inputs!$B$18*IV6*Inputs!$B$19 -> 0.69932919 | IX6: =1-IW6 -> 0.30067081 | IY6: =Inputs!$B$20*IX6 -> 0.0090201242 | IZ6: =0.8*(1-Inputs!$B$50)*(IW6-IY6) -> 0.0016626839 | JA6: =IW6-IY6-IZ6 -> 0.68864639 | JB6: =JA6*(1-Inputs!$B$18*EXP(-Inputs!$B$21*Inputs!$B$14*Inputs!$B$17/(Inputs!$B$22*Inputs!$B$23*Inputs!$B$24*IU6*Inputs!$B$16))*Inputs!$B$19) -> 0.026927732 | JC6: =(JA6-JB6)*(1-EXP(-Inputs!$B$25*Inputs!$B$14*Inputs!$B$17*Inputs!$B$26/(IU6*Inputs!$B$16/0.866))) -> 0.0083983128 | JD6: =(JA6-JB6-JC6)*(1-Inputs!$B$19) -> 0.0032666017 | JE6: =(IX6+IY6+IZ6+JB6+JC6+JD6)*(1+Inputs!$B$27) -> 0.3509961 | JF6: =Inputs!$B$52/(1-JE6-G6) -> 228540.16 | JG6: =JF6/Inputs!$B$34 -> 380.90027 | JH6: =B6^2/JG6 -> 8.2331261 | JI6: =Inputs!$B$54*H6/(Inputs!$B$35*F6+E6*H6^2/(PI()*JH6*Inputs!$B$36)) -> 16.346882 | JJ6: =EXP(-Inputs!$B$11*Inputs!$B$14*Inputs!$B$17/(Inputs!$B$51*JI6*Inputs!$B$16)) -> 0.71567974 | JK6: =Inputs!$B$50*Inputs!$B$18*JJ6*Inputs!$B$19 -> 0.69930802 | JL6: =1-JK6 -> 0.30069198 | JM6: =Inputs!$B$20*JL6 -> 0.0090207595 | JN6: =0.8*(1-Inputs!$B$50)*(JK6-JM6) -> 0.0016626314 | JO6: =JK6-JM6-JN6 -> 0.68862463 | JP6: =JO6*(1-Inputs!$B$18*EXP(-Inputs!$B$21*Inputs!$B$14*Inputs!$B$17/(Inputs!$B$22*Inputs!$B$23*Inputs!$B$24*JI6*Inputs!$B$16))*Inputs!$B$19) -> 0.026928065 | JQ6: =(JO6-JP6)*(1-EXP(-Inputs!$B$25*Inputs!$B$14*Inputs!$B$17*Inputs!$B$26/(JI6*Inputs!$B$16/0.866))) -> 0.0083987879 | JR6: =(JO6-JP6-JQ6)*(1-Inputs!$B$19) -> 0.0032664889 | JS6: =(JL6+JM6+JN6+JP6+JQ6+JR6)*(1+Inputs!$B$27) -> 0.35101862 | JT6: =Inputs!$B$52/(1-JS6-G6) -> 228576.23 | JU6: =JT6/Inputs!$B$34 -> 380.96038 | JV6: =B6^2/JU6 -> 8.2318271 | JW6: =Inputs!$B$54*H6/(Inputs!$B$35*F6+E6*H6^2/(PI()*JV6*Inputs!$B$36)) -> 16.34581 | JX6: =EXP(-Inputs!$B$11*Inputs!$B$14*Inputs!$B$17/(Inputs!$B$51*JW6*Inputs!$B$16)) -> 0.71566405 | JY6: =Inputs!$B$50*Inputs!$B$18*JX6*Inputs!$B$19 -> 0.69929268 | JZ6: =1-JY6 -> 0.30070732 | KA6: =Inputs!$B$20*JZ6 -> 0.0090212196 | KB6: =0.8*(1-Inputs!$B$50)*(JY6-KA6) -> 0.0016625934 | KC6: =JY6-KA6-KB6 -> 0.68860887 | KD6: =KC6*(1-Inputs!$B$18*EXP(-Inputs!$B$21*Inputs!$B$14*Inputs!$B$17/(Inputs!$B$22*Inputs!$B$23*Inputs!$B$24*JW6*Inputs!$B$16))*Inputs!$B$19) -> 0.026928306 | KE6: =(KC6-KD6)*(1-EXP(-Inputs!$B$25*Inputs!$B$14*Inputs!$B$17*Inputs!$B$26/(JW6*Inputs!$B$16/0.866))) -> 0.0083991319 | KF6: =(KC6-KD6-KE6)*(1-Inputs!$B$19) -> 0.0032664071 | KG6: =(JZ6+KA6+KB6+KD6+KE6+KF6)*(1+Inputs!$B$27) -> 0.35103493 | KH6: =Inputs!$B$52/(1-KG6-G6) -> 228602.35 | KI6: =KH6/Inputs!$B$34 -> 381.00392 | KJ6: =B6^2/KI6 -> 8.2308865 | KK6: =Inputs!$B$54*H6/(Inputs!$B$35*F6+E6*H6^2/(PI()*KJ6*Inputs!$B$36)) -> 16.345034 | KL6: =EXP(-Inputs!$B$11*Inputs!$B$14*Inputs!$B$17/(Inputs!$B$51*KK6*Inputs!$B$16)) -> 0.71565268 | KM6: =Inputs!$B$50*Inputs!$B$18*KL6*Inputs!$B$19 -> 0.69928157 | KN6: =1-KM6 -> 0.30071843 | KO6: =Inputs!$B$20*KN6 -> 0.0090215529 | KP6: =0.8*(1-Inputs!$B$50)*(KM6-KO6) -> 0.0016625658 | KQ6: =KM6-KO6-KP6 -> 0.68859745 | KR6: =KQ6*(1-Inputs!$B$18*EXP(-Inputs!$B$21*Inputs!$B$14*Inputs!$B$17/(Inputs!$B$22*Inputs!$B$23*Inputs!$B$24*KK6*Inputs!$B$16))*Inputs!$B$19) -> 0.026928481 | KS6: =(KQ6-KR6)*(1-EXP(-Inputs!$B$25*Inputs!$B$14*Inputs!$B$17*Inputs!$B$26/(KK6*Inputs!$B$16/0.866))) -> 0.0083993811 | KT6: =(KQ6-KR6-KS6)*(1-Inputs!$B$19) -> 0.003266348 | KU6: =(KN6+KO6+KP6+KR6+KS6+KT6)*(1+Inputs!$B$27) -> 0.35104675 | KV6: =Inputs!$B$52/(1-KU6-G6) -> 228621.28 | KW6: =KV6/Inputs!$B$34 -> 381.03546 | KX6: =B6^2/KW6 -> 8.2302051 | KY6: =Inputs!$B$54*H6/(Inputs!$B$35*F6+E6*H6^2/(PI()*KX6*Inputs!$B$36)) -> 16.344472 | KZ6: =EXP(-Inputs!$B$11*Inputs!$B$14*Inputs!$B$17/(Inputs!$B$51*KY6*Inputs!$B$16)) -> 0.71564444 | LA6: =Inputs!$B$50*Inputs!$B$18*KZ6*Inputs!$B$19 -> 0.69927352 | LB6: =1-LA6 -> 0.30072648 | LC6: =Inputs!$B$20*LB6 -> 0.0090217943 | LD6: =0.8*(1-Inputs!$B$50)*(LA6-LC6) -> 0.0016625458 | LE6: =LA6-LC6-LD6 -> 0.68858918 | LF6: =LE6*(1-Inputs!$B$18*EXP(-Inputs!$B$21*Inputs!$B$14*Inputs!$B$17/(Inputs!$B$22*Inputs!$B$23*Inputs!$B$24*KY6*Inputs!$B$16))*Inputs!$B$19) -> 0.026928607 | LG6: =(LE6-LF6)*(1-EXP(-Inputs!$B$25*Inputs!$B$14*Inputs!$B$17*Inputs!$B$26/(KY6*Inputs!$B$16/0.866))) -> 0.0083995616 | LH6: =(LE6-LF6-LG6)*(1-Inputs!$B$19) -> 0.0032663051 | LI6: =(LB6+LC6+LD6+LF6+LG6+LH6)*(1+Inputs!$B$27) -> 0.35105531 | LJ6: =Inputs!$B$52/(1-LI6-G6) -> 228634.99 | LK6: =LJ6/Inputs!$B$34 -> 381.05832 | LL6: =B6^2/LK6 -> 8.2297115 | LM6: =Inputs!$B$54*H6/(Inputs!$B$35*F6+E6*H6^2/(PI()*LL6*Inputs!$B$36)) -> 16.344065 | LN6: =EXP(-Inputs!$B$11*Inputs!$B$14*Inputs!$B$17/(Inputs!$B$51*LM6*Inputs!$B$16)) -> 0.71563847 | LO6: =Inputs!$B$50*Inputs!$B$18*LN6*Inputs!$B$19 -> 0.69926769 | LP6: =1-LO6 -> 0.30073231 | LQ6: =Inputs!$B$20*LP6 -> 0.0090219692 | LR6: =0.8*(1-Inputs!$B$50)*(LO6-LQ6) -> 0.0016625314 | LS6: =LO6-LQ6-LR6 -> 0.68858319 | LT6: =LS6*(1-Inputs!$B$18*EXP(-Inputs!$B$21*Inputs!$B$14*Inputs!$B$17/(Inputs!$B$22*Inputs!$B$23*Inputs!$B$24*LM6*Inputs!$B$16))*Inputs!$B$19) -> 0.026928699 | LU6: =(LS6-LT6)*(1-EXP(-Inputs!$B$25*Inputs!$B$14*Inputs!$B$17*Inputs!$B$26/(LM6*Inputs!$B$16/0.866))) -> 0.0083996924 | LV6: =(LS6-LT6-LU6)*(1-Inputs!$B$19) -> 0.003266274 | LW6: =(LP6+LQ6+LR6+LT6+LU6+LV6)*(1+Inputs!$B$27) -> 0.35106151 | LX6: =Inputs!$B$52/(1-LW6-G6) -> 228644.93 | LY6: =LX6/Inputs!$B$34 -> 381.07488 | LZ6: =B6^2/LY6 -> 8.2293538 | MA6: =Inputs!$B$54*H6/(Inputs!$B$35*F6+E6*H6^2/(PI()*LZ6*Inputs!$B$36)) -> 16.34377 | MB6: =EXP(-Inputs!$B$11*Inputs!$B$14*Inputs!$B$17/(Inputs!$B$51*MA6*Inputs!$B$16)) -> 0.71563415 | MC6: =Inputs!$B$50*Inputs!$B$18*MB6*Inputs!$B$19 -> 0.69926347 | MD6: =1-MC6 -> 0.30073653 | ME6: =Inputs!$B$20*MD6 -> 0.009022096 | MF6: =0.8*(1-Inputs!$B$50)*(MC6-ME6) -> 0.0016625209 | MG6: =MC6-ME6-MF6 -> 0.68857885 | MH6: =MG6*(1-Inputs!$B$18*EXP(-Inputs!$B$21*Inputs!$B$14*Inputs!$B$17/(Inputs!$B$22*Inputs!$B$23*Inputs!$B$24*MA6*Inputs!$B$16))*Inputs!$B$19) -> 0.026928765 | MI6: =(MG6-MH6)*(1-EXP(-Inputs!$B$25*Inputs!$B$14*Inputs!$B$17*Inputs!$B$26/(MA6*Inputs!$B$16/0.866))) -> 0.0083997871 | MJ6: =(MG6-MH6-MI6)*(1-Inputs!$B$19) -> 0.0032662515 | MK6: =(MD6+ME6+MF6+MH6+MI6+MJ6)*(1+Inputs!$B$27) -> 0.351066 | ML6: =Inputs!$B$52/(1-MK6-G6) -> 228652.13 | MM6: =ML6/Inputs!$B$34 -> 381.08688 | MN6: =B6^2/MM6 -> 8.2290946 | MO6: =Inputs!$B$54*H6/(Inputs!$B$35*F6+E6*H6^2/(PI()*MN6*Inputs!$B$36)) -> 16.343556 | MP6: =EXP(-Inputs!$B$11*Inputs!$B$14*Inputs!$B$17/(Inputs!$B$51*MO6*Inputs!$B$16)) -> 0.71563102 | MQ6: =Inputs!$B$50*Inputs!$B$18*MP6*Inputs!$B$19 -> 0.69926041 | MR6: =1-MQ6 -> 0.30073959 | MS6: =Inputs!$B$20*MR6 -> 0.0090221878 | MT6: =0.8*(1-Inputs!$B$50)*(MQ6-MS6) -> 0.0016625133 | MU6: =MQ6-MS6-MT6 -> 0.6885757 | MV6: =MU6*(1-Inputs!$B$18*EXP(-Inputs!$B$21*Inputs!$B$14*Inputs!$B$17/(Inputs!$B$22*Inputs!$B$23*Inputs!$B$24*MO6*Inputs!$B$16))*Inputs!$B$19) -> 0.026928813 | MW6: =(MU6-MV6)*(1-EXP(-Inputs!$B$25*Inputs!$B$14*Inputs!$B$17*Inputs!$B$26/(MO6*Inputs!$B$16/0.866))) -> 0.0083998558 | MX6: =(MU6-MV6-MW6)*(1-Inputs!$B$19) -> 0.0032662352 | MY6: =(MR6+MS6+MT6+MV6+MW6+MX6)*(1+Inputs!$B$27) -> 0.35106926 | MZ6: =Inputs!$B$52/(1-MY6-G6) -> 228657.35 | NA6: =MZ6/Inputs!$B$34 -> 381.09558 | NB6: =B6^2/NA6 -> 8.2289068 | NC6: =Inputs!$B$54*H6/(Inputs!$B$35*F6+E6*H6^2/(PI()*NB6*Inputs!$B$36)) -> 16.343401 | ND6: =EXP(-Inputs!$B$11*Inputs!$B$14*Inputs!$B$17/(Inputs!$B$51*NC6*Inputs!$B$16)) -> 0.71562875 | NE6: =Inputs!$B$50*Inputs!$B$18*ND6*Inputs!$B$19 -> 0.69925819 | NF6: =1-NE6 -> 0.30074181 | NG6: =Inputs!$B$20*NF6 -> 0.0090222544 | NH6: =0.8*(1-Inputs!$B$50)*(NE6-NG6) -> 0.0016625078 | NI6: =NE6-NG6-NH6 -> 0.68857342 | NJ6: =NI6*(1-Inputs!$B$18*EXP(-Inputs!$B$21*Inputs!$B$14*Inputs!$B$17/(Inputs!$B$22*Inputs!$B$23*Inputs!$B$24*NC6*Inputs!$B$16))*Inputs!$B$19) -> 0.026928848 | NK6: =(NI6-NJ6)*(1-EXP(-Inputs!$B$25*Inputs!$B$14*Inputs!$B$17*Inputs!$B$26/(NC6*Inputs!$B$16/0.866))) -> 0.0083999056 | NL6: =(NI6-NJ6-NK6)*(1-Inputs!$B$19) -> 0.0032662234 | NM6: =(NF6+NG6+NH6+NJ6+NK6+NL6)*(1+Inputs!$B$27) -> 0.35107162 | NN6: =Inputs!$B$52/(1-NM6-G6) -> 228661.13
A7: Box wing | B7: 56 | C7: 0.05 | D7: =B7*C7 -> 2.8 | E7: =IF(C7=0,1,(1+0.45*C7)/(1.04+2.81*C7)) -> 0.86615841 | F7: =1+Inputs!$B$42*D7 -> 1.014 | G7: =Inputs!$B$31+Inputs!$B$43*(B7/Inputs!$B$32-1)+Inputs!$B$44+Inputs!$B$45*D7 -> 0.51193 | H7: =Inputs!$B$38 -> 0.5 | I7: =Inputs!$B$40 -> 2.4 | J7: =NN7/Inputs!$B$34 -> 345.07177 | K7: =B7^2/J7 -> 9.0879645 | L7: =2*K7 -> 18.175929 | M7: =NC7 -> 17.792863 | N7: =B7/SQRT(E7) -> 60.171296 | O7: =NM7 -> 0.33049408 | P7: =NN7/1000 -> 207.04306 | Q7: =G7*NN7/1000 -> 105.99155 | R7: =NM7*NN7/1000 -> 68.426507 | S7: =NM7*NN7/Inputs!$B$28/1000 -> 91.235343 | T7: =R7/Sweep!$R$5-1 -> 0.094883297 | U7: =R7/SUMIFS(Sweep!$R:$R,Sweep!$A:$A,"Conventional",Sweep!$B:$B,B7)-1 -> -0.147614 | V7: =2*0.54*(J7/2)^1.5/SQRT(L7)*Inputs!$B$46*Inputs!$B$47 -> 53.679222 | W7: =MIN(1,V7/S7) -> 0.58835995 | X7: =1.23*SQRT(2*Inputs!$B$41*NN7*Inputs!$B$49/(1.225*J7*I7))/0.5144 -> 133.62968 | Y7: =(11000+6341.6*LN(0.36392/(2*Inputs!$B$50*Inputs!$B$18*(1+ND7)/2*Inputs!$B$34*Inputs!$B$49/((Inputs!$B$12*295.07)^2*H7))))/0.3048 -> 38835.109 | Z7: =NN7-MZ7 -> 0.0019158605 | AA7: =IF(ABS(NN7-MZ7)<10,"Yes","No") -> Yes | AC7: =Inputs!$B$52/(1-0.3154-G7)/Inputs!$B$34 -> 314.90705 | AD7: =B7^2/AC7 -> 9.9584942 | AE7: =Inputs!$B$54*H7/(Inputs!$B$35*F7+E7*H7^2/(PI()*AD7*Inputs!$B$36)) -> 18.362422 | AF7: =EXP(-Inputs!$B$11*Inputs!$B$14*Inputs!$B$17/(Inputs!$B$51*AE7*Inputs!$B$16)) -> 0.74244696 | AG7: =Inputs!$B$50*Inputs!$B$18*AF7*Inputs!$B$19 -> 0.72546291 | AH7: =1-AG7 -> 0.27453709 | AI7: =Inputs!$B$20*AH7 -> 0.0082361126 | AJ7: =0.8*(1-Inputs!$B$50)*(AG7-AI7) -> 0.0017275182 | AK7: =AG7-AI7-AJ7 -> 0.71549928 | AL7: =AK7*(1-Inputs!$B$18*EXP(-Inputs!$B$21*Inputs!$B$14*Inputs!$B$17/(Inputs!$B$22*Inputs!$B$23*Inputs!$B$24*AE7*Inputs!$B$16))*Inputs!$B$19) -> 0.026485933 | AM7: =(AK7-AL7)*(1-EXP(-Inputs!$B$25*Inputs!$B$14*Inputs!$B$17*Inputs!$B$26/(AE7*Inputs!$B$16/0.866))) -> 0.0077910178 | AN7: =(AK7-AL7-AM7)*(1-Inputs!$B$19) -> 0.0034061117 | AO7: =(AH7+AI7+AJ7+AL7+AM7+AN7)*(1+Inputs!$B$27) -> 0.32315033 | AP7: =Inputs!$B$52/(1-AO7-G7) -> 197823.58 | AQ7: =AP7/Inputs!$B$34 -> 329.70597 | AR7: =B7^2/AQ7 -> 9.511505 | AS7: =Inputs!$B$54*H7/(Inputs!$B$35*F7+E7*H7^2/(PI()*AR7*Inputs!$B$36)) -> 18.078508 | AT7: =EXP(-Inputs!$B$11*Inputs!$B$14*Inputs!$B$17/(Inputs!$B$51*AS7*Inputs!$B$16)) -> 0.73898275 | AU7: =Inputs!$B$50*Inputs!$B$18*AT7*Inputs!$B$19 -> 0.72207795 | AV7: =1-AU7 -> 0.27792205 | AW7: =Inputs!$B$20*AV7 -> 0.0083376615 | AX7: =0.8*(1-Inputs!$B$50)*(AU7-AW7) -> 0.0017191206 | AY7: =AU7-AW7-AX7 -> 0.71202117 | AZ7: =AY7*(1-Inputs!$B$18*EXP(-Inputs!$B$21*Inputs!$B$14*Inputs!$B$17/(Inputs!$B$22*Inputs!$B$23*Inputs!$B$24*AS7*Inputs!$B$16))*Inputs!$B$19) -> 0.026546605 | BA7: =(AY7-AZ7)*(1-EXP(-Inputs!$B$25*Inputs!$B$14*Inputs!$B$17*Inputs!$B$26/(AS7*Inputs!$B$16/0.866))) -> 0.0078720269 | BB7: =(AY7-AZ7-BA7)*(1-Inputs!$B$19) -> 0.0033880127 | BC7: =(AV7+AW7+AX7+AZ7+BA7+BB7)*(1+Inputs!$B$27) -> 0.32676283 | BD7: =Inputs!$B$52/(1-BC7-G7) -> 202253.88 | BE7: =BD7/Inputs!$B$34 -> 337.0898 | BF7: =B7^2/BE7 -> 9.303159 | BG7: =Inputs!$B$54*H7/(Inputs!$B$35*F7+E7*H7^2/(PI()*BF7*Inputs!$B$36)) -> 17.940109 | BH7: =EXP(-Inputs!$B$11*Inputs!$B$14*Inputs!$B$17/(Inputs!$B$51*BG7*Inputs!$B$16)) -> 0.73726035 | BI7: =Inputs!$B$50*Inputs!$B$18*BH7*Inputs!$B$19 -> 0.72039495 | BJ7: =1-BI7 -> 0.27960505 | BK7: =Inputs!$B$20*BJ7 -> 0.0083881514 | BL7: =0.8*(1-Inputs!$B$50)*(BI7-BK7) -> 0.0017149453 | BM7: =BI7-BK7-BL7 -> 0.71029186 | BN7: =BM7*(1-Inputs!$B$18*EXP(-Inputs!$B$21*Inputs!$B$14*Inputs!$B$17/(Inputs!$B$22*Inputs!$B$23*Inputs!$B$24*BG7*Inputs!$B$16))*Inputs!$B$19) -> 0.026576393 | BO7: =(BM7-BN7)*(1-EXP(-Inputs!$B$25*Inputs!$B$14*Inputs!$B$17*Inputs!$B$26/(BG7*Inputs!$B$16/0.866))) -> 0.0079120464 | BP7: =(BM7-BN7-BO7)*(1-Inputs!$B$19) -> 0.0033790171 | BQ7: =(BJ7+BK7+BL7+BN7+BO7+BP7)*(1+Inputs!$B$27) -> 0.32855833 | BR7: =Inputs!$B$52/(1-BQ7-G7) -> 204530.48 | BS7: =BR7/Inputs!$B$34 -> 340.88414 | BT7: =B7^2/BS7 -> 9.1996066 | BU7: =Inputs!$B$54*H7/(Inputs!$B$35*F7+E7*H7^2/(PI()*BT7*Inputs!$B$36)) -> 17.869811 | BV7: =EXP(-Inputs!$B$11*Inputs!$B$14*Inputs!$B$17/(Inputs!$B$51*BU7*Inputs!$B$16)) -> 0.73637682 | BW7: =Inputs!$B$50*Inputs!$B$18*BV7*Inputs!$B$19 -> 0.71953164 | BX7: =1-BW7 -> 0.28046836 | BY7: =Inputs!$B$20*BX7 -> 0.0084140509 | BZ7: =0.8*(1-Inputs!$B$50)*(BW7-BY7) -> 0.0017128035 | CA7: =BW7-BY7-BZ7 -> 0.70940478 | CB7: =CA7*(1-Inputs!$B$18*EXP(-Inputs!$B$21*Inputs!$B$14*Inputs!$B$17/(Inputs!$B$22*Inputs!$B$23*Inputs!$B$24*BU7*Inputs!$B$16))*Inputs!$B$19) -> 0.026591576 | CC7: =(CA7-CB7)*(1-EXP(-Inputs!$B$25*Inputs!$B$14*Inputs!$B$17*Inputs!$B$26/(BU7*Inputs!$B$16/0.866))) -> 0.0079325083 | CD7: =(CA7-CB7-CC7)*(1-Inputs!$B$19) -> 0.0033744035 | CE7: =(BX7+BY7+BZ7+CB7+CC7+CD7)*(1+Inputs!$B$27) -> 0.32947919 | CF7: =Inputs!$B$52/(1-CE7-G7) -> 205718.1 | CG7: =CF7/Inputs!$B$34 -> 342.86349 | CH7: =B7^2/CG7 -> 9.1464973 | CI7: =Inputs!$B$54*H7/(Inputs!$B$35*F7+E7*H7^2/(PI()*CH7*Inputs!$B$36)) -> 17.833357 | CJ7: =EXP(-Inputs!$B$11*Inputs!$B$14*Inputs!$B$17/(Inputs!$B$51*CI7*Inputs!$B$16)) -> 0.73591634 | CK7: =Inputs!$B$50*Inputs!$B$18*CJ7*Inputs!$B$19 -> 0.71908169 | CL7: =1-CK7 -> 0.28091831 | CM7: =Inputs!$B$20*CL7 -> 0.0084275493 | CN7: =0.8*(1-Inputs!$B$50)*(CK7-CM7) -> 0.0017116872 | CO7: =CK7-CM7-CN7 -> 0.70894245 | CP7: =CO7*(1-Inputs!$B$18*EXP(-Inputs!$B$21*Inputs!$B$14*Inputs!$B$17/(Inputs!$B$22*Inputs!$B$23*Inputs!$B$24*CI7*Inputs!$B$16))*Inputs!$B$19) -> 0.026599462 | CQ7: =(CO7-CP7)*(1-EXP(-Inputs!$B$25*Inputs!$B$14*Inputs!$B$17*Inputs!$B$26/(CI7*Inputs!$B$16/0.866))) -> 0.0079431548 | CR7: =(CO7-CP7-CQ7)*(1-Inputs!$B$19) -> 0.0033719992 | CS7: =(CL7+CM7+CN7+CP7+CQ7+CR7)*(1+Inputs!$B$27) -> 0.32995908 | CT7: =Inputs!$B$52/(1-CS7-G7) -> 206342.48 | CU7: =CT7/Inputs!$B$34 -> 343.90414 | CV7: =B7^2/CU7 -> 9.1188202 | CW7: =Inputs!$B$54*H7/(Inputs!$B$35*F7+E7*H7^2/(PI()*CV7*Inputs!$B$36)) -> 17.814251 | CX7: =EXP(-Inputs!$B$11*Inputs!$B$14*Inputs!$B$17/(Inputs!$B$51*CW7*Inputs!$B$16)) -> 0.73567436 | CY7: =Inputs!$B$50*Inputs!$B$18*CX7*Inputs!$B$19 -> 0.71884524 | CZ7: =1-CY7 -> 0.28115476 | DA7: =Inputs!$B$20*CZ7 -> 0.0084346427 | DB7: =0.8*(1-Inputs!$B$50)*(CY7-DA7) -> 0.0017111007 | DC7: =CY7-DA7-DB7 -> 0.7086995 | DD7: =DC7*(1-Inputs!$B$18*EXP(-Inputs!$B$21*Inputs!$B$14*Inputs!$B$17/(Inputs!$B$22*Inputs!$B$23*Inputs!$B$24*CW7*Inputs!$B$16))*Inputs!$B$19) -> 0.026603599 | DE7: =(DC7-DD7)*(1-EXP(-Inputs!$B$25*Inputs!$B$14*Inputs!$B$17*Inputs!$B$26/(CW7*Inputs!$B$16/0.866))) -> 0.0079487446 | DF7: =(DC7-DD7-DE7)*(1-Inputs!$B$19) -> 0.0033707358 | DG7: =(CZ7+DA7+DB7+DD7+DE7+DF7)*(1+Inputs!$B$27) -> 0.33021125 | DH7: =Inputs!$B$52/(1-DG7-G7) -> 206672.11 | DI7: =DH7/Inputs!$B$34 -> 344.45351 | DJ7: =B7^2/DI7 -> 9.1042765 | DK7: =Inputs!$B$54*H7/(Inputs!$B$35*F7+E7*H7^2/(PI()*DJ7*Inputs!$B$36)) -> 17.804182 | DL7: =EXP(-Inputs!$B$11*Inputs!$B$14*Inputs!$B$17/(Inputs!$B$51*DK7*Inputs!$B$16)) -> 0.73554665 | DM7: =Inputs!$B$50*Inputs!$B$18*DL7*Inputs!$B$19 -> 0.71872045 | DN7: =1-DM7 -> 0.28127955 | DO7: =Inputs!$B$20*DN7 -> 0.0084383865 | DP7: =0.8*(1-Inputs!$B$50)*(DM7-DO7) -> 0.0017107911 | DQ7: =DM7-DO7-DP7 -> 0.70857127 | DR7: =DQ7*(1-Inputs!$B$18*EXP(-Inputs!$B$21*Inputs!$B$14*Inputs!$B$17/(Inputs!$B$22*Inputs!$B$23*Inputs!$B$24*DK7*Inputs!$B$16))*Inputs!$B$19) -> 0.026605781 | DS7: =(DQ7-DR7)*(1-EXP(-Inputs!$B$25*Inputs!$B$14*Inputs!$B$17*Inputs!$B$26/(DK7*Inputs!$B$16/0.866))) -> 0.0079516934 | DT7: =(DQ7-DR7-DS7)*(1-Inputs!$B$19) -> 0.003370069 | DU7: =(DN7+DO7+DP7+DR7+DS7+DT7)*(1+Inputs!$B$27) -> 0.33034434 | DV7: =Inputs!$B$52/(1-DU7-G7) -> 206846.49 | DW7: =DV7/Inputs!$B$34 -> 344.74416 | DX7: =B7^2/DW7 -> 9.0966009 | DY7: =Inputs!$B$54*H7/(Inputs!$B$35*F7+E7*H7^2/(PI()*DX7*Inputs!$B$36)) -> 17.798859 | DZ7: =EXP(-Inputs!$B$11*Inputs!$B$14*Inputs!$B$17/(Inputs!$B$51*DY7*Inputs!$B$16)) -> 0.73547909 | EA7: =Inputs!$B$50*Inputs!$B$18*DZ7*Inputs!$B$19 -> 0.71865444 | EB7: =1-EA7 -> 0.28134556 | EC7: =Inputs!$B$20*EB7 -> 0.0084403669 | ED7: =0.8*(1-Inputs!$B$50)*(EA7-EC7) -> 0.0017106273 | EE7: =EA7-EC7-ED7 -> 0.70850344 | EF7: =EE7*(1-Inputs!$B$18*EXP(-Inputs!$B$21*Inputs!$B$14*Inputs!$B$17/(Inputs!$B$22*Inputs!$B$23*Inputs!$B$24*DY7*Inputs!$B$16))*Inputs!$B$19) -> 0.026606934 | EG7: =(EE7-EF7)*(1-EXP(-Inputs!$B$25*Inputs!$B$14*Inputs!$B$17*Inputs!$B$26/(DY7*Inputs!$B$16/0.866))) -> 0.0079532529 | EH7: =(EE7-EF7-EG7)*(1-Inputs!$B$19) -> 0.0033697163 | EI7: =(EB7+EC7+ED7+EF7+EG7+EH7)*(1+Inputs!$B$27) -> 0.33041474 | EJ7: =Inputs!$B$52/(1-EI7-G7) -> 206938.86 | EK7: =EJ7/Inputs!$B$34 -> 344.8981 | EL7: =B7^2/EK7 -> 9.0925406 | EM7: =Inputs!$B$54*H7/(Inputs!$B$35*F7+E7*H7^2/(PI()*EL7*Inputs!$B$36)) -> 17.796041 | EN7: =EXP(-Inputs!$B$11*Inputs!$B$14*Inputs!$B$17/(Inputs!$B$51*EM7*Inputs!$B$16)) -> 0.73544331 | EO7: =Inputs!$B$50*Inputs!$B$18*EN7*Inputs!$B$19 -> 0.71861948 | EP7: =1-EO7 -> 0.28138052 | EQ7: =Inputs!$B$20*EP7 -> 0.0084414157 | ER7: =0.8*(1-Inputs!$B$50)*(EO7-EQ7) -> 0.0017105406 | ES7: =EO7-EQ7-ER7 -> 0.70846752 | ET7: =ES7*(1-Inputs!$B$18*EXP(-Inputs!$B$21*Inputs!$B$14*Inputs!$B$17/(Inputs!$B$22*Inputs!$B$23*Inputs!$B$24*EM7*Inputs!$B$16))*Inputs!$B$19) -> 0.026607545 | EU7: =(ES7-ET7)*(1-EXP(-Inputs!$B$25*Inputs!$B$14*Inputs!$B$17*Inputs!$B$26/(EM7*Inputs!$B$16/0.866))) -> 0.0079540787 | EV7: =(ES7-ET7-EU7)*(1-Inputs!$B$19) -> 0.0033695295 | EW7: =(EP7+EQ7+ER7+ET7+EU7+EV7)*(1+Inputs!$B$27) -> 0.33045202 | EX7: =Inputs!$B$52/(1-EW7-G7) -> 206987.81 | EY7: =EX7/Inputs!$B$34 -> 344.97969 | EZ7: =B7^2/EY7 -> 9.0903903 | FA7: =Inputs!$B$54*H7/(Inputs!$B$35*F7+E7*H7^2/(PI()*EZ7*Inputs!$B$36)) -> 17.794548 | FB7: =EXP(-Inputs!$B$11*Inputs!$B$14*Inputs!$B$17/(Inputs!$B$51*FA7*Inputs!$B$16)) -> 0.73542435 | FC7: =Inputs!$B$50*Inputs!$B$18*FB7*Inputs!$B$19 -> 0.71860095 | FD7: =1-FC7 -> 0.28139905 | FE7: =Inputs!$B$20*FD7 -> 0.0084419716 | FF7: =0.8*(1-Inputs!$B$50)*(FC7-FE7) -> 0.0017104946 | FG7: =FC7-FE7-FF7 -> 0.70844848 | FH7: =FG7*(1-Inputs!$B$18*EXP(-Inputs!$B$21*Inputs!$B$14*Inputs!$B$17/(Inputs!$B$22*Inputs!$B$23*Inputs!$B$24*FA7*Inputs!$B$16))*Inputs!$B$19) -> 0.026607869 | FI7: =(FG7-FH7)*(1-EXP(-Inputs!$B$25*Inputs!$B$14*Inputs!$B$17*Inputs!$B$26/(FA7*Inputs!$B$16/0.866))) -> 0.0079545164 | FJ7: =(FG7-FH7-FI7)*(1-Inputs!$B$19) -> 0.0033694305 | FK7: =(FD7+FE7+FF7+FH7+FI7+FJ7)*(1+Inputs!$B$27) -> 0.33047178 | FL7: =Inputs!$B$52/(1-FK7-G7) -> 207013.77 | FM7: =FL7/Inputs!$B$34 -> 345.02294 | FN7: =B7^2/FM7 -> 9.0892506 | FO7: =Inputs!$B$54*H7/(Inputs!$B$35*F7+E7*H7^2/(PI()*FN7*Inputs!$B$36)) -> 17.793756 | FP7: =EXP(-Inputs!$B$11*Inputs!$B$14*Inputs!$B$17/(Inputs!$B$51*FO7*Inputs!$B$16)) -> 0.73541429 | FQ7: =Inputs!$B$50*Inputs!$B$18*FP7*Inputs!$B$19 -> 0.71859112 | FR7: =1-FQ7 -> 0.28140888 | FS7: =Inputs!$B$20*FR7 -> 0.0084422663 | FT7: =0.8*(1-Inputs!$B$50)*(FQ7-FS7) -> 0.0017104702 | FU7: =FQ7-FS7-FT7 -> 0.70843839 | FV7: =FU7*(1-Inputs!$B$18*EXP(-Inputs!$B$21*Inputs!$B$14*Inputs!$B$17/(Inputs!$B$22*Inputs!$B$23*Inputs!$B$24*FO7*Inputs!$B$16))*Inputs!$B$19) -> 0.02660804 | FW7: =(FU7-FV7)*(1-EXP(-Inputs!$B$25*Inputs!$B$14*Inputs!$B$17*Inputs!$B$26/(FO7*Inputs!$B$16/0.866))) -> 0.0079547484 | FX7: =(FU7-FV7-FW7)*(1-Inputs!$B$19) -> 0.003369378 | FY7: =(FR7+FS7+FT7+FV7+FW7+FX7)*(1+Inputs!$B$27) -> 0.33048226 | FZ7: =Inputs!$B$52/(1-FY7-G7) -> 207027.53 | GA7: =FZ7/Inputs!$B$34 -> 345.04588 | GB7: =B7^2/GA7 -> 9.0886465 | GC7: =Inputs!$B$54*H7/(Inputs!$B$35*F7+E7*H7^2/(PI()*GB7*Inputs!$B$36)) -> 17.793337 | GD7: =EXP(-Inputs!$B$11*Inputs!$B$14*Inputs!$B$17/(Inputs!$B$51*GC7*Inputs!$B$16)) -> 0.73540896 | GE7: =Inputs!$B$50*Inputs!$B$18*GD7*Inputs!$B$19 -> 0.71858592 | GF7: =1-GE7 -> 0.28141408 | GG7: =Inputs!$B$20*GF7 -> 0.0084424225 | GH7: =0.8*(1-Inputs!$B$50)*(GE7-GG7) -> 0.0017104573 | GI7: =GE7-GG7-GH7 -> 0.70843304 | GJ7: =GI7*(1-Inputs!$B$18*EXP(-Inputs!$B$21*Inputs!$B$14*Inputs!$B$17/(Inputs!$B$22*Inputs!$B$23*Inputs!$B$24*GC7*Inputs!$B$16))*Inputs!$B$19) -> 0.026608131 | GK7: =(GI7-GJ7)*(1-EXP(-Inputs!$B$25*Inputs!$B$14*Inputs!$B$17*Inputs!$B$26/(GC7*Inputs!$B$16/0.866))) -> 0.0079548714 | GL7: =(GI7-GJ7-GK7)*(1-Inputs!$B$19) -> 0.0033693502 | GM7: =(GF7+GG7+GH7+GJ7+GK7+GL7)*(1+Inputs!$B$27) -> 0.33048781 | GN7: =Inputs!$B$52/(1-GM7-G7) -> 207034.82 | GO7: =GN7/Inputs!$B$34 -> 345.05804 | GP7: =B7^2/GO7 -> 9.0883261 | GQ7: =Inputs!$B$54*H7/(Inputs!$B$35*F7+E7*H7^2/(PI()*GP7*Inputs!$B$36)) -> 17.793114 | GR7: =EXP(-Inputs!$B$11*Inputs!$B$14*Inputs!$B$17/(Inputs!$B$51*GQ7*Inputs!$B$16)) -> 0.73540614 | GS7: =Inputs!$B$50*Inputs!$B$18*GR7*Inputs!$B$19 -> 0.71858315 | GT7: =1-GS7 -> 0.28141685 | GU7: =Inputs!$B$20*GT7 -> 0.0084425054 | GV7: =0.8*(1-Inputs!$B$50)*(GS7-GU7) -> 0.0017104504 | GW7: =GS7-GU7-GV7 -> 0.7084302 | GX7: =GW7*(1-Inputs!$B$18*EXP(-Inputs!$B$21*Inputs!$B$14*Inputs!$B$17/(Inputs!$B$22*Inputs!$B$23*Inputs!$B$24*GQ7*Inputs!$B$16))*Inputs!$B$19) -> 0.026608179 | GY7: =(GW7-GX7)*(1-EXP(-Inputs!$B$25*Inputs!$B$14*Inputs!$B$17*Inputs!$B$26/(GQ7*Inputs!$B$16/0.866))) -> 0.0079549366 | GZ7: =(GW7-GX7-GY7)*(1-Inputs!$B$19) -> 0.0033693354 | HA7: =(GT7+GU7+GV7+GX7+GY7+GZ7)*(1+Inputs!$B$27) -> 0.33049076 | HB7: =Inputs!$B$52/(1-HA7-G7) -> 207038.69 | HC7: =HB7/Inputs!$B$34 -> 345.06449 | HD7: =B7^2/HC7 -> 9.0881562 | HE7: =Inputs!$B$54*H7/(Inputs!$B$35*F7+E7*H7^2/(PI()*HD7*Inputs!$B$36)) -> 17.792996 | HF7: =EXP(-Inputs!$B$11*Inputs!$B$14*Inputs!$B$17/(Inputs!$B$51*HE7*Inputs!$B$16)) -> 0.73540464 | HG7: =Inputs!$B$50*Inputs!$B$18*HF7*Inputs!$B$19 -> 0.71858169 | HH7: =1-HG7 -> 0.28141831 | HI7: =Inputs!$B$20*HH7 -> 0.0084425493 | HJ7: =0.8*(1-Inputs!$B$50)*(HG7-HI7) -> 0.0017104468 | HK7: =HG7-HI7-HJ7 -> 0.70842869 | HL7: =HK7*(1-Inputs!$B$18*EXP(-Inputs!$B$21*Inputs!$B$14*Inputs!$B$17/(Inputs!$B$22*Inputs!$B$23*Inputs!$B$24*HE7*Inputs!$B$16))*Inputs!$B$19) -> 0.026608205 | HM7: =(HK7-HL7)*(1-EXP(-Inputs!$B$25*Inputs!$B$14*Inputs!$B$17*Inputs!$B$26/(HE7*Inputs!$B$16/0.866))) -> 0.0079549712 | HN7: =(HK7-HL7-HM7)*(1-Inputs!$B$19) -> 0.0033693276 | HO7: =(HH7+HI7+HJ7+HL7+HM7+HN7)*(1+Inputs!$B$27) -> 0.33049232 | HP7: =Inputs!$B$52/(1-HO7-G7) -> 207040.75 | HQ7: =HP7/Inputs!$B$34 -> 345.06791 | HR7: =B7^2/HQ7 -> 9.0880662 | HS7: =Inputs!$B$54*H7/(Inputs!$B$35*F7+E7*H7^2/(PI()*HR7*Inputs!$B$36)) -> 17.792933 | HT7: =EXP(-Inputs!$B$11*Inputs!$B$14*Inputs!$B$17/(Inputs!$B$51*HS7*Inputs!$B$16)) -> 0.73540384 | HU7: =Inputs!$B$50*Inputs!$B$18*HT7*Inputs!$B$19 -> 0.71858091 | HV7: =1-HU7 -> 0.28141909 | HW7: =Inputs!$B$20*HV7 -> 0.0084425726 | HX7: =0.8*(1-Inputs!$B$50)*(HU7-HW7) -> 0.0017104449 | HY7: =HU7-HW7-HX7 -> 0.70842789 | HZ7: =HY7*(1-Inputs!$B$18*EXP(-Inputs!$B$21*Inputs!$B$14*Inputs!$B$17/(Inputs!$B$22*Inputs!$B$23*Inputs!$B$24*HS7*Inputs!$B$16))*Inputs!$B$19) -> 0.026608219 | IA7: =(HY7-HZ7)*(1-EXP(-Inputs!$B$25*Inputs!$B$14*Inputs!$B$17*Inputs!$B$26/(HS7*Inputs!$B$16/0.866))) -> 0.0079549896 | IB7: =(HY7-HZ7-IA7)*(1-Inputs!$B$19) -> 0.0033693234 | IC7: =(HV7+HW7+HX7+HZ7+IA7+IB7)*(1+Inputs!$B$27) -> 0.33049315 | ID7: =Inputs!$B$52/(1-IC7-G7) -> 207041.83 | IE7: =ID7/Inputs!$B$34 -> 345.06972 | IF7: =B7^2/IE7 -> 9.0880184 | IG7: =Inputs!$B$54*H7/(Inputs!$B$35*F7+E7*H7^2/(PI()*IF7*Inputs!$B$36)) -> 17.7929 | IH7: =EXP(-Inputs!$B$11*Inputs!$B$14*Inputs!$B$17/(Inputs!$B$51*IG7*Inputs!$B$16)) -> 0.73540342 | II7: =Inputs!$B$50*Inputs!$B$18*IH7*Inputs!$B$19 -> 0.7185805 | IJ7: =1-II7 -> 0.2814195 | IK7: =Inputs!$B$20*IJ7 -> 0.008442585 | IL7: =0.8*(1-Inputs!$B$50)*(II7-IK7) -> 0.0017104439 | IM7: =II7-IK7-IL7 -> 0.70842747 | IN7: =IM7*(1-Inputs!$B$18*EXP(-Inputs!$B$21*Inputs!$B$14*Inputs!$B$17/(Inputs!$B$22*Inputs!$B$23*Inputs!$B$24*IG7*Inputs!$B$16))*Inputs!$B$19) -> 0.026608226 | IO7: =(IM7-IN7)*(1-EXP(-Inputs!$B$25*Inputs!$B$14*Inputs!$B$17*Inputs!$B$26/(IG7*Inputs!$B$16/0.866))) -> 0.0079549993 | IP7: =(IM7-IN7-IO7)*(1-Inputs!$B$19) -> 0.0033693212 | IQ7: =(IJ7+IK7+IL7+IN7+IO7+IP7)*(1+Inputs!$B$27) -> 0.33049359 | IR7: =Inputs!$B$52/(1-IQ7-G7) -> 207042.41 | IS7: =IR7/Inputs!$B$34 -> 345.07069 | IT7: =B7^2/IS7 -> 9.087993 | IU7: =Inputs!$B$54*H7/(Inputs!$B$35*F7+E7*H7^2/(PI()*IT7*Inputs!$B$36)) -> 17.792883 | IV7: =EXP(-Inputs!$B$11*Inputs!$B$14*Inputs!$B$17/(Inputs!$B$51*IU7*Inputs!$B$16)) -> 0.7354032 | IW7: =Inputs!$B$50*Inputs!$B$18*IV7*Inputs!$B$19 -> 0.71858028 | IX7: =1-IW7 -> 0.28141972 | IY7: =Inputs!$B$20*IX7 -> 0.0084425915 | IZ7: =0.8*(1-Inputs!$B$50)*(IW7-IY7) -> 0.0017104433 | JA7: =IW7-IY7-IZ7 -> 0.70842725 | JB7: =JA7*(1-Inputs!$B$18*EXP(-Inputs!$B$21*Inputs!$B$14*Inputs!$B$17/(Inputs!$B$22*Inputs!$B$23*Inputs!$B$24*IU7*Inputs!$B$16))*Inputs!$B$19) -> 0.02660823 | JC7: =(JA7-JB7)*(1-EXP(-Inputs!$B$25*Inputs!$B$14*Inputs!$B$17*Inputs!$B$26/(IU7*Inputs!$B$16/0.866))) -> 0.0079550044 | JD7: =(JA7-JB7-JC7)*(1-Inputs!$B$19) -> 0.0033693201 | JE7: =(IX7+IY7+IZ7+JB7+JC7+JD7)*(1+Inputs!$B$27) -> 0.33049382 | JF7: =Inputs!$B$52/(1-JE7-G7) -> 207042.72 | JG7: =JF7/Inputs!$B$34 -> 345.0712 | JH7: =B7^2/JG7 -> 9.0879796 | JI7: =Inputs!$B$54*H7/(Inputs!$B$35*F7+E7*H7^2/(PI()*JH7*Inputs!$B$36)) -> 17.792873 | JJ7: =EXP(-Inputs!$B$11*Inputs!$B$14*Inputs!$B$17/(Inputs!$B$51*JI7*Inputs!$B$16)) -> 0.73540308 | JK7: =Inputs!$B$50*Inputs!$B$18*JJ7*Inputs!$B$19 -> 0.71858017 | JL7: =1-JK7 -> 0.28141983 | JM7: =Inputs!$B$20*JL7 -> 0.008442595 | JN7: =0.8*(1-Inputs!$B$50)*(JK7-JM7) -> 0.001710443 | JO7: =JK7-JM7-JN7 -> 0.70842713 | JP7: =JO7*(1-Inputs!$B$18*EXP(-Inputs!$B$21*Inputs!$B$14*Inputs!$B$17/(Inputs!$B$22*Inputs!$B$23*Inputs!$B$24*JI7*Inputs!$B$16))*Inputs!$B$19) -> 0.026608232 | JQ7: =(JO7-JP7)*(1-EXP(-Inputs!$B$25*Inputs!$B$14*Inputs!$B$17*Inputs!$B$26/(JI7*Inputs!$B$16/0.866))) -> 0.0079550072 | JR7: =(JO7-JP7-JQ7)*(1-Inputs!$B$19) -> 0.0033693194 | JS7: =(JL7+JM7+JN7+JP7+JQ7+JR7)*(1+Inputs!$B$27) -> 0.33049395 | JT7: =Inputs!$B$52/(1-JS7-G7) -> 207042.88 | JU7: =JT7/Inputs!$B$34 -> 345.07147 | JV7: =B7^2/JU7 -> 9.0879725 | JW7: =Inputs!$B$54*H7/(Inputs!$B$35*F7+E7*H7^2/(PI()*JV7*Inputs!$B$36)) -> 17.792868 | JX7: =EXP(-Inputs!$B$11*Inputs!$B$14*Inputs!$B$17/(Inputs!$B$51*JW7*Inputs!$B$16)) -> 0.73540302 | JY7: =Inputs!$B$50*Inputs!$B$18*JX7*Inputs!$B$19 -> 0.7185801 | JZ7: =1-JY7 -> 0.2814199 | KA7: =Inputs!$B$20*JZ7 -> 0.0084425969 | KB7: =0.8*(1-Inputs!$B$50)*(JY7-KA7) -> 0.0017104429 | KC7: =JY7-KA7-KB7 -> 0.70842706 | KD7: =KC7*(1-Inputs!$B$18*EXP(-Inputs!$B$21*Inputs!$B$14*Inputs!$B$17/(Inputs!$B$22*Inputs!$B$23*Inputs!$B$24*JW7*Inputs!$B$16))*Inputs!$B$19) -> 0.026608233 | KE7: =(KC7-KD7)*(1-EXP(-Inputs!$B$25*Inputs!$B$14*Inputs!$B$17*Inputs!$B$26/(JW7*Inputs!$B$16/0.866))) -> 0.0079550086 | KF7: =(KC7-KD7-KE7)*(1-Inputs!$B$19) -> 0.0033693191 | KG7: =(JZ7+KA7+KB7+KD7+KE7+KF7)*(1+Inputs!$B$27) -> 0.33049401 | KH7: =Inputs!$B$52/(1-KG7-G7) -> 207042.97 | KI7: =KH7/Inputs!$B$34 -> 345.07161 | KJ7: =B7^2/KI7 -> 9.0879687 | KK7: =Inputs!$B$54*H7/(Inputs!$B$35*F7+E7*H7^2/(PI()*KJ7*Inputs!$B$36)) -> 17.792866 | KL7: =EXP(-Inputs!$B$11*Inputs!$B$14*Inputs!$B$17/(Inputs!$B$51*KK7*Inputs!$B$16)) -> 0.73540298 | KM7: =Inputs!$B$50*Inputs!$B$18*KL7*Inputs!$B$19 -> 0.71858007 | KN7: =1-KM7 -> 0.28141993 | KO7: =Inputs!$B$20*KN7 -> 0.0084425978 | KP7: =0.8*(1-Inputs!$B$50)*(KM7-KO7) -> 0.0017104428 | KQ7: =KM7-KO7-KP7 -> 0.70842703 | KR7: =KQ7*(1-Inputs!$B$18*EXP(-Inputs!$B$21*Inputs!$B$14*Inputs!$B$17/(Inputs!$B$22*Inputs!$B$23*Inputs!$B$24*KK7*Inputs!$B$16))*Inputs!$B$19) -> 0.026608233 | KS7: =(KQ7-KR7)*(1-EXP(-Inputs!$B$25*Inputs!$B$14*Inputs!$B$17*Inputs!$B$26/(KK7*Inputs!$B$16/0.866))) -> 0.0079550094 | KT7: =(KQ7-KR7-KS7)*(1-Inputs!$B$19) -> 0.0033693189 | KU7: =(KN7+KO7+KP7+KR7+KS7+KT7)*(1+Inputs!$B$27) -> 0.33049405 | KV7: =Inputs!$B$52/(1-KU7-G7) -> 207043.01 | KW7: =KV7/Inputs!$B$34 -> 345.07169 | KX7: =B7^2/KW7 -> 9.0879667 | KY7: =Inputs!$B$54*H7/(Inputs!$B$35*F7+E7*H7^2/(PI()*KX7*Inputs!$B$36)) -> 17.792864 | KZ7: =EXP(-Inputs!$B$11*Inputs!$B$14*Inputs!$B$17/(Inputs!$B$51*KY7*Inputs!$B$16)) -> 0.73540296 | LA7: =Inputs!$B$50*Inputs!$B$18*KZ7*Inputs!$B$19 -> 0.71858005 | LB7: =1-LA7 -> 0.28141995 | LC7: =Inputs!$B$20*LB7 -> 0.0084425984 | LD7: =0.8*(1-Inputs!$B$50)*(LA7-LC7) -> 0.0017104428 | LE7: =LA7-LC7-LD7 -> 0.70842701 | LF7: =LE7*(1-Inputs!$B$18*EXP(-Inputs!$B$21*Inputs!$B$14*Inputs!$B$17/(Inputs!$B$22*Inputs!$B$23*Inputs!$B$24*KY7*Inputs!$B$16))*Inputs!$B$19) -> 0.026608234 | LG7: =(LE7-LF7)*(1-EXP(-Inputs!$B$25*Inputs!$B$14*Inputs!$B$17*Inputs!$B$26/(KY7*Inputs!$B$16/0.866))) -> 0.0079550098 | LH7: =(LE7-LF7-LG7)*(1-Inputs!$B$19) -> 0.0033693189 | LI7: =(LB7+LC7+LD7+LF7+LG7+LH7)*(1+Inputs!$B$27) -> 0.33049407 | LJ7: =Inputs!$B$52/(1-LI7-G7) -> 207043.04 | LK7: =LJ7/Inputs!$B$34 -> 345.07173 | LL7: =B7^2/LK7 -> 9.0879656 | LM7: =Inputs!$B$54*H7/(Inputs!$B$35*F7+E7*H7^2/(PI()*LL7*Inputs!$B$36)) -> 17.792864 | LN7: =EXP(-Inputs!$B$11*Inputs!$B$14*Inputs!$B$17/(Inputs!$B$51*LM7*Inputs!$B$16)) -> 0.73540295 | LO7: =Inputs!$B$50*Inputs!$B$18*LN7*Inputs!$B$19 -> 0.71858005 | LP7: =1-LO7 -> 0.28141995 | LQ7: =Inputs!$B$20*LP7 -> 0.0084425986 | LR7: =0.8*(1-Inputs!$B$50)*(LO7-LQ7) -> 0.0017104427 | LS7: =LO7-LQ7-LR7 -> 0.708427 | LT7: =LS7*(1-Inputs!$B$18*EXP(-Inputs!$B$21*Inputs!$B$14*Inputs!$B$17/(Inputs!$B$22*Inputs!$B$23*Inputs!$B$24*LM7*Inputs!$B$16))*Inputs!$B$19) -> 0.026608234 | LU7: =(LS7-LT7)*(1-EXP(-Inputs!$B$25*Inputs!$B$14*Inputs!$B$17*Inputs!$B$26/(LM7*Inputs!$B$16/0.866))) -> 0.00795501 | LV7: =(LS7-LT7-LU7)*(1-Inputs!$B$19) -> 0.0033693188 | LW7: =(LP7+LQ7+LR7+LT7+LU7+LV7)*(1+Inputs!$B$27) -> 0.33049407 | LX7: =Inputs!$B$52/(1-LW7-G7) -> 207043.05 | LY7: =LX7/Inputs!$B$34 -> 345.07175 | LZ7: =B7^2/LY7 -> 9.0879651 | MA7: =Inputs!$B$54*H7/(Inputs!$B$35*F7+E7*H7^2/(PI()*LZ7*Inputs!$B$36)) -> 17.792863 | MB7: =EXP(-Inputs!$B$11*Inputs!$B$14*Inputs!$B$17/(Inputs!$B$51*MA7*Inputs!$B$16)) -> 0.73540295 | MC7: =Inputs!$B$50*Inputs!$B$18*MB7*Inputs!$B$19 -> 0.71858004 | MD7: =1-MC7 -> 0.28141996 | ME7: =Inputs!$B$20*MD7 -> 0.0084425988 | MF7: =0.8*(1-Inputs!$B$50)*(MC7-ME7) -> 0.0017104427 | MG7: =MC7-ME7-MF7 -> 0.708427 | MH7: =MG7*(1-Inputs!$B$18*EXP(-Inputs!$B$21*Inputs!$B$14*Inputs!$B$17/(Inputs!$B$22*Inputs!$B$23*Inputs!$B$24*MA7*Inputs!$B$16))*Inputs!$B$19) -> 0.026608234 | MI7: =(MG7-MH7)*(1-EXP(-Inputs!$B$25*Inputs!$B$14*Inputs!$B$17*Inputs!$B$26/(MA7*Inputs!$B$16/0.866))) -> 0.0079550101 | MJ7: =(MG7-MH7-MI7)*(1-Inputs!$B$19) -> 0.0033693188 | MK7: =(MD7+ME7+MF7+MH7+MI7+MJ7)*(1+Inputs!$B$27) -> 0.33049408 | ML7: =Inputs!$B$52/(1-MK7-G7) -> 207043.06 | MM7: =ML7/Inputs!$B$34 -> 345.07176 | MN7: =B7^2/MM7 -> 9.0879648 | MO7: =Inputs!$B$54*H7/(Inputs!$B$35*F7+E7*H7^2/(PI()*MN7*Inputs!$B$36)) -> 17.792863 | MP7: =EXP(-Inputs!$B$11*Inputs!$B$14*Inputs!$B$17/(Inputs!$B$51*MO7*Inputs!$B$16)) -> 0.73540295 | MQ7: =Inputs!$B$50*Inputs!$B$18*MP7*Inputs!$B$19 -> 0.71858004 | MR7: =1-MQ7 -> 0.28141996 | MS7: =Inputs!$B$20*MR7 -> 0.0084425989 | MT7: =0.8*(1-Inputs!$B$50)*(MQ7-MS7) -> 0.0017104427 | MU7: =MQ7-MS7-MT7 -> 0.708427 | MV7: =MU7*(1-Inputs!$B$18*EXP(-Inputs!$B$21*Inputs!$B$14*Inputs!$B$17/(Inputs!$B$22*Inputs!$B$23*Inputs!$B$24*MO7*Inputs!$B$16))*Inputs!$B$19) -> 0.026608234 | MW7: =(MU7-MV7)*(1-EXP(-Inputs!$B$25*Inputs!$B$14*Inputs!$B$17*Inputs!$B$26/(MO7*Inputs!$B$16/0.866))) -> 0.0079550102 | MX7: =(MU7-MV7-MW7)*(1-Inputs!$B$19) -> 0.0033693188 | MY7: =(MR7+MS7+MT7+MV7+MW7+MX7)*(1+Inputs!$B$27) -> 0.33049408 | MZ7: =Inputs!$B$52/(1-MY7-G7) -> 207043.06 | NA7: =MZ7/Inputs!$B$34 -> 345.07177 | NB7: =B7^2/NA7 -> 9.0879646 | NC7: =Inputs!$B$54*H7/(Inputs!$B$35*F7+E7*H7^2/(PI()*NB7*Inputs!$B$36)) -> 17.792863 | ND7: =EXP(-Inputs!$B$11*Inputs!$B$14*Inputs!$B$17/(Inputs!$B$51*NC7*Inputs!$B$16)) -> 0.73540295 | NE7: =Inputs!$B$50*Inputs!$B$18*ND7*Inputs!$B$19 -> 0.71858004 | NF7: =1-NE7 -> 0.28141996 | NG7: =Inputs!$B$20*NF7 -> 0.0084425989 | NH7: =0.8*(1-Inputs!$B$50)*(NE7-NG7) -> 0.0017104427 | NI7: =NE7-NG7-NH7 -> 0.708427 | NJ7: =NI7*(1-Inputs!$B$18*EXP(-Inputs!$B$21*Inputs!$B$14*Inputs!$B$17/(Inputs!$B$22*Inputs!$B$23*Inputs!$B$24*NC7*Inputs!$B$16))*Inputs!$B$19) -> 0.026608234 | NK7: =(NI7-NJ7)*(1-EXP(-Inputs!$B$25*Inputs!$B$14*Inputs!$B$17*Inputs!$B$26/(NC7*Inputs!$B$16/0.866))) -> 0.0079550102 | NL7: =(NI7-NJ7-NK7)*(1-Inputs!$B$19) -> 0.0033693188 | NM7: =(NF7+NG7+NH7+NJ7+NK7+NL7)*(1+Inputs!$B$27) -> 0.33049408 | NN7: =Inputs!$B$52/(1-NM7-G7) -> 207043.06
A8: Box wing | B8: 56 | C8: 0.1 | D8: =B8*C8 -> 5.6 | E8: =IF(C8=0,1,(1+0.45*C8)/(1.04+2.81*C8)) -> 0.79106737 | F8: =1+Inputs!$B$42*D8 -> 1.028 | G8: =Inputs!$B$31+Inputs!$B$43*(B8/Inputs!$B$32-1)+Inputs!$B$44+Inputs!$B$45*D8 -> 0.51361 | H8: =Inputs!$B$38 -> 0.5 | I8: =Inputs!$B$40 -> 2.4 | J8: =NN8/Inputs!$B$34 -> 331.25839 | K8: =B8^2/J8 -> 9.46693 | L8: =2*K8 -> 18.93386 | M8: =NC8 -> 18.434886 | N8: =B8/SQRT(E8) -> 62.962402 | O8: =NM8 -> 0.32224321 | P8: =NN8/1000 -> 198.75503 | Q8: =G8*NN8/1000 -> 102.08257 | R8: =NM8*NN8/1000 -> 64.047461 | S8: =NM8*NN8/Inputs!$B$28/1000 -> 85.396614 | T8: =R8/Sweep!$R$5-1 -> 0.02481477 | U8: =R8/SUMIFS(Sweep!$R:$R,Sweep!$A:$A,"Conventional",Sweep!$B:$B,B8)-1 -> -0.20216359 | V8: =2*0.54*(J8/2)^1.5/SQRT(L8)*Inputs!$B$46*Inputs!$B$47 -> 49.467632 | W8: =MIN(1,V8/S8) -> 0.57926924 | X8: =1.23*SQRT(2*Inputs!$B$41*NN8*Inputs!$B$49/(1.225*J8*I8))/0.5144 -> 133.62968 | Y8: =(11000+6341.6*LN(0.36392/(2*Inputs!$B$50*Inputs!$B$18*(1+ND8)/2*Inputs!$B$34*Inputs!$B$49/((Inputs!$B$12*295.07)^2*H8))))/0.3048 -> 38740.448 | Z8: =NN8-MZ8 -> 2.2005785e-05 | AA8: =IF(ABS(NN8-MZ8)<10,"Yes","No") -> Yes | AC8: =Inputs!$B$52/(1-0.3154-G8)/Inputs!$B$34 -> 318.00105 | AD8: =B8^2/AC8 -> 9.8616026 | AE8: =Inputs!$B$54*H8/(Inputs!$B$35*F8+E8*H8^2/(PI()*AD8*Inputs!$B$36)) -> 18.675796 | AF8: =EXP(-Inputs!$B$11*Inputs!$B$14*Inputs!$B$17/(Inputs!$B$51*AE8*Inputs!$B$16)) -> 0.7461663 | AG8: =Inputs!$B$50*Inputs!$B$18*AF8*Inputs!$B$19 -> 0.72909717 | AH8: =1-AG8 -> 0.27090283 | AI8: =Inputs!$B$20*AH8 -> 0.0081270849 | AJ8: =0.8*(1-Inputs!$B$50)*(AG8-AI8) -> 0.0017365343 | AK8: =AG8-AI8-AJ8 -> 0.71923355 | AL8: =AK8*(1-Inputs!$B$18*EXP(-Inputs!$B$21*Inputs!$B$14*Inputs!$B$17/(Inputs!$B$22*Inputs!$B$23*Inputs!$B$24*AE8*Inputs!$B$16))*Inputs!$B$19) -> 0.026419665 | AM8: =(AK8-AL8)*(1-EXP(-Inputs!$B$25*Inputs!$B$14*Inputs!$B$17*Inputs!$B$26/(AE8*Inputs!$B$16/0.866))) -> 0.0077032738 | AN8: =(AK8-AL8-AM8)*(1-Inputs!$B$19) -> 0.0034255531 | AO8: =(AH8+AI8+AJ8+AL8+AM8+AN8)*(1+Inputs!$B$27) -> 0.31926989 | AP8: =Inputs!$B$52/(1-AO8-G8) -> 195218.87 | AQ8: =AP8/Inputs!$B$34 -> 325.36479 | AR8: =B8^2/AQ8 -> 9.6384124 | AS8: =Inputs!$B$54*H8/(Inputs!$B$35*F8+E8*H8^2/(PI()*AR8*Inputs!$B$36)) -> 18.541212 | AT8: =EXP(-Inputs!$B$11*Inputs!$B$14*Inputs!$B$17/(Inputs!$B$51*AS8*Inputs!$B$16)) -> 0.74458209 | AU8: =Inputs!$B$50*Inputs!$B$18*AT8*Inputs!$B$19 -> 0.7275492 | AV8: =1-AU8 -> 0.2724508 | AW8: =Inputs!$B$20*AV8 -> 0.008173524 | AX8: =0.8*(1-Inputs!$B$50)*(AU8-AW8) -> 0.001732694 | AY8: =AU8-AW8-AX8 -> 0.71764298 | AZ8: =AY8*(1-Inputs!$B$18*EXP(-Inputs!$B$21*Inputs!$B$14*Inputs!$B$17/(Inputs!$B$22*Inputs!$B$23*Inputs!$B$24*AS8*Inputs!$B$16))*Inputs!$B$19) -> 0.026448033 | BA8: =(AY8-AZ8)*(1-EXP(-Inputs!$B$25*Inputs!$B$14*Inputs!$B$17*Inputs!$B$26/(AS8*Inputs!$B$16/0.866))) -> 0.0077407445 | BB8: =(AY8-AZ8-BA8)*(1-Inputs!$B$19) -> 0.003417271 | BC8: =(AV8+AW8+AX8+AZ8+BA8+BB8)*(1+Inputs!$B$27) -> 0.32092296 | BD8: =Inputs!$B$52/(1-BC8-G8) -> 197169.17 | BE8: =BD8/Inputs!$B$34 -> 328.61528 | BF8: =B8^2/BE8 -> 9.5430741 | BG8: =Inputs!$B$54*H8/(Inputs!$B$35*F8+E8*H8^2/(PI()*BF8*Inputs!$B$36)) -> 18.482419 | BH8: =EXP(-Inputs!$B$11*Inputs!$B$14*Inputs!$B$17/(Inputs!$B$51*BG8*Inputs!$B$16)) -> 0.74388386 | BI8: =Inputs!$B$50*Inputs!$B$18*BH8*Inputs!$B$19 -> 0.72686694 | BJ8: =1-BI8 -> 0.27313306 | BK8: =Inputs!$B$20*BJ8 -> 0.0081939917 | BL8: =0.8*(1-Inputs!$B$50)*(BI8-BK8) -> 0.0017310014 | BM8: =BI8-BK8-BL8 -> 0.71694195 | BN8: =BM8*(1-Inputs!$B$18*EXP(-Inputs!$B$21*Inputs!$B$14*Inputs!$B$17/(Inputs!$B$22*Inputs!$B$23*Inputs!$B$24*BG8*Inputs!$B$16))*Inputs!$B$19) -> 0.026460469 | BO8: =(BM8-BN8)*(1-EXP(-Inputs!$B$25*Inputs!$B$14*Inputs!$B$17*Inputs!$B$26/(BG8*Inputs!$B$16/0.866))) -> 0.0077572137 | BP8: =(BM8-BN8-BO8)*(1-Inputs!$B$19) -> 0.0034136213 | BQ8: =(BJ8+BK8+BL8+BN8+BO8+BP8)*(1+Inputs!$B$27) -> 0.32165142 | BR8: =Inputs!$B$52/(1-BQ8-G8) -> 198041.05 | BS8: =BR8/Inputs!$B$34 -> 330.06841 | BT8: =B8^2/BS8 -> 9.5010607 | BU8: =Inputs!$B$54*H8/(Inputs!$B$35*F8+E8*H8^2/(PI()*BT8*Inputs!$B$36)) -> 18.456256 | BV8: =EXP(-Inputs!$B$11*Inputs!$B$14*Inputs!$B$17/(Inputs!$B$51*BU8*Inputs!$B$16)) -> 0.74357193 | BW8: =Inputs!$B$50*Inputs!$B$18*BV8*Inputs!$B$19 -> 0.72656215 | BX8: =1-BW8 -> 0.27343785 | BY8: =Inputs!$B$20*BX8 -> 0.0082031356 | BZ8: =0.8*(1-Inputs!$B$50)*(BW8-BY8) -> 0.0017302453 | CA8: =BW8-BY8-BZ8 -> 0.71662877 | CB8: =CA8*(1-Inputs!$B$18*EXP(-Inputs!$B$21*Inputs!$B$14*Inputs!$B$17/(Inputs!$B$22*Inputs!$B$23*Inputs!$B$24*BU8*Inputs!$B$16))*Inputs!$B$19) -> 0.026466012 | CC8: =(CA8-CB8)*(1-EXP(-Inputs!$B$25*Inputs!$B$14*Inputs!$B$17*Inputs!$B$26/(BU8*Inputs!$B$16/0.866))) -> 0.0077645622 | CD8: =(CA8-CB8-CC8)*(1-Inputs!$B$19) -> 0.003411991 | CE8: =(BX8+BY8+BZ8+CB8+CC8+CD8)*(1+Inputs!$B$27) -> 0.32197684 | CF8: =Inputs!$B$52/(1-CE8-G8) -> 198433.02 | CG8: =CF8/Inputs!$B$34 -> 330.7217 | CH8: =B8^2/CG8 -> 9.4822928 | CI8: =Inputs!$B$54*H8/(Inputs!$B$35*F8+E8*H8^2/(PI()*CH8*Inputs!$B$36)) -> 18.444518 | CJ8: =EXP(-Inputs!$B$11*Inputs!$B$14*Inputs!$B$17/(Inputs!$B$51*CI8*Inputs!$B$16)) -> 0.74343174 | CK8: =Inputs!$B$50*Inputs!$B$18*CJ8*Inputs!$B$19 -> 0.72642516 | CL8: =1-CK8 -> 0.27357484 | CM8: =Inputs!$B$20*CL8 -> 0.0082072452 | CN8: =0.8*(1-Inputs!$B$50)*(CK8-CM8) -> 0.0017299054 | CO8: =CK8-CM8-CN8 -> 0.71648801 | CP8: =CO8*(1-Inputs!$B$18*EXP(-Inputs!$B$21*Inputs!$B$14*Inputs!$B$17/(Inputs!$B$22*Inputs!$B$23*Inputs!$B$24*CI8*Inputs!$B$16))*Inputs!$B$19) -> 0.0264685 | CQ8: =(CO8-CP8)*(1-EXP(-Inputs!$B$25*Inputs!$B$14*Inputs!$B$17*Inputs!$B$26/(CI8*Inputs!$B$16/0.866))) -> 0.007767863 | CR8: =(CO8-CP8-CQ8)*(1-Inputs!$B$19) -> 0.0034112582 | CS8: =(CL8+CM8+CN8+CP8+CQ8+CR8)*(1+Inputs!$B$27) -> 0.32212309 | CT8: =Inputs!$B$52/(1-CS8-G8) -> 198609.69 | CU8: =CT8/Inputs!$B$34 -> 331.01615 | CV8: =B8^2/CU8 -> 9.4738581 | CW8: =Inputs!$B$54*H8/(Inputs!$B$35*F8+E8*H8^2/(PI()*CV8*Inputs!$B$36)) -> 18.439232 | CX8: =EXP(-Inputs!$B$11*Inputs!$B$14*Inputs!$B$17/(Inputs!$B$51*CW8*Inputs!$B$16)) -> 0.74336856 | CY8: =Inputs!$B$50*Inputs!$B$18*CX8*Inputs!$B$19 -> 0.72636343 | CZ8: =1-CY8 -> 0.27363657 | DA8: =Inputs!$B$20*CZ8 -> 0.0082090972 | DB8: =0.8*(1-Inputs!$B$50)*(CY8-DA8) -> 0.0017297523 | DC8: =CY8-DA8-DB8 -> 0.71642458 | DD8: =DC8*(1-Inputs!$B$18*EXP(-Inputs!$B$21*Inputs!$B$14*Inputs!$B$17/(Inputs!$B$22*Inputs!$B$23*Inputs!$B$24*CW8*Inputs!$B$16))*Inputs!$B$19) -> 0.026469621 | DE8: =(DC8-DD8)*(1-EXP(-Inputs!$B$25*Inputs!$B$14*Inputs!$B$17*Inputs!$B$26/(CW8*Inputs!$B$16/0.866))) -> 0.0077693502 | DF8: =(DC8-DD8-DE8)*(1-Inputs!$B$19) -> 0.003410928 | DG8: =(CZ8+DA8+DB8+DD8+DE8+DF8)*(1+Inputs!$B$27) -> 0.322189 | DH8: =Inputs!$B$52/(1-DG8-G8) -> 198689.41 | DI8: =DH8/Inputs!$B$34 -> 331.14901 | DJ8: =B8^2/DI8 -> 9.4700569 | DK8: =Inputs!$B$54*H8/(Inputs!$B$35*F8+E8*H8^2/(PI()*DJ8*Inputs!$B$36)) -> 18.436848 | DL8: =EXP(-Inputs!$B$11*Inputs!$B$14*Inputs!$B$17/(Inputs!$B$51*DK8*Inputs!$B$16)) -> 0.74334005 | DM8: =Inputs!$B$50*Inputs!$B$18*DL8*Inputs!$B$19 -> 0.72633557 | DN8: =1-DM8 -> 0.27366443 | DO8: =Inputs!$B$20*DN8 -> 0.0082099328 | DP8: =0.8*(1-Inputs!$B$50)*(DM8-DO8) -> 0.0017296832 | DQ8: =DM8-DO8-DP8 -> 0.71639596 | DR8: =DQ8*(1-Inputs!$B$18*EXP(-Inputs!$B$21*Inputs!$B$14*Inputs!$B$17/(Inputs!$B$22*Inputs!$B$23*Inputs!$B$24*DK8*Inputs!$B$16))*Inputs!$B$19) -> 0.026470127 | DS8: =(DQ8-DR8)*(1-EXP(-Inputs!$B$25*Inputs!$B$14*Inputs!$B$17*Inputs!$B$26/(DK8*Inputs!$B$16/0.866))) -> 0.0077700212 | DT8: =(DQ8-DR8-DS8)*(1-Inputs!$B$19) -> 0.003410779 | DU8: =(DN8+DO8+DP8+DR8+DS8+DT8)*(1+Inputs!$B$27) -> 0.32221873 | DV8: =Inputs!$B$52/(1-DU8-G8) -> 198725.4 | DW8: =DV8/Inputs!$B$34 -> 331.209 | DX8: =B8^2/DW8 -> 9.4683419 | DY8: =Inputs!$B$54*H8/(Inputs!$B$35*F8+E8*H8^2/(PI()*DX8*Inputs!$B$36)) -> 18.435772 | DZ8: =EXP(-Inputs!$B$11*Inputs!$B$14*Inputs!$B$17/(Inputs!$B$51*DY8*Inputs!$B$16)) -> 0.74332718 | EA8: =Inputs!$B$50*Inputs!$B$18*DZ8*Inputs!$B$19 -> 0.726323 | EB8: =1-EA8 -> 0.273677 | EC8: =Inputs!$B$20*EB8 -> 0.00821031 | ED8: =0.8*(1-Inputs!$B$50)*(EA8-EC8) -> 0.001729652 | EE8: =EA8-EC8-ED8 -> 0.71638304 | EF8: =EE8*(1-Inputs!$B$18*EXP(-Inputs!$B$21*Inputs!$B$14*Inputs!$B$17/(Inputs!$B$22*Inputs!$B$23*Inputs!$B$24*DY8*Inputs!$B$16))*Inputs!$B$19) -> 0.026470355 | EG8: =(EE8-EF8)*(1-EXP(-Inputs!$B$25*Inputs!$B$14*Inputs!$B$17*Inputs!$B$26/(DY8*Inputs!$B$16/0.866))) -> 0.0077703241 | EH8: =(EE8-EF8-EG8)*(1-Inputs!$B$19) -> 0.0034107118 | EI8: =(EB8+EC8+ED8+EF8+EG8+EH8)*(1+Inputs!$B$27) -> 0.32223216 | EJ8: =Inputs!$B$52/(1-EI8-G8) -> 198741.65 | EK8: =EJ8/Inputs!$B$34 -> 331.23608 | EL8: =B8^2/EK8 -> 9.4675676 | EM8: =Inputs!$B$54*H8/(Inputs!$B$35*F8+E8*H8^2/(PI()*EL8*Inputs!$B$36)) -> 18.435286 | EN8: =EXP(-Inputs!$B$11*Inputs!$B$14*Inputs!$B$17/(Inputs!$B$51*EM8*Inputs!$B$16)) -> 0.74332137 | EO8: =Inputs!$B$50*Inputs!$B$18*EN8*Inputs!$B$19 -> 0.72631732 | EP8: =1-EO8 -> 0.27368268 | EQ8: =Inputs!$B$20*EP8 -> 0.0082104804 | ER8: =0.8*(1-Inputs!$B$50)*(EO8-EQ8) -> 0.0017296379 | ES8: =EO8-EQ8-ER8 -> 0.7163772 | ET8: =ES8*(1-Inputs!$B$18*EXP(-Inputs!$B$21*Inputs!$B$14*Inputs!$B$17/(Inputs!$B$22*Inputs!$B$23*Inputs!$B$24*EM8*Inputs!$B$16))*Inputs!$B$19) -> 0.026470458 | EU8: =(ES8-ET8)*(1-EXP(-Inputs!$B$25*Inputs!$B$14*Inputs!$B$17*Inputs!$B$26/(EM8*Inputs!$B$16/0.866))) -> 0.0077704608 | EV8: =(ES8-ET8-EU8)*(1-Inputs!$B$19) -> 0.0034106814 | EW8: =(EP8+EQ8+ER8+ET8+EU8+EV8)*(1+Inputs!$B$27) -> 0.32223822 | EX8: =Inputs!$B$52/(1-EW8-G8) -> 198748.99 | EY8: =EX8/Inputs!$B$34 -> 331.24831 | EZ8: =B8^2/EY8 -> 9.467218 | FA8: =Inputs!$B$54*H8/(Inputs!$B$35*F8+E8*H8^2/(PI()*EZ8*Inputs!$B$36)) -> 18.435067 | FB8: =EXP(-Inputs!$B$11*Inputs!$B$14*Inputs!$B$17/(Inputs!$B$51*FA8*Inputs!$B$16)) -> 0.74331875 | FC8: =Inputs!$B$50*Inputs!$B$18*FB8*Inputs!$B$19 -> 0.72631476 | FD8: =1-FC8 -> 0.27368524 | FE8: =Inputs!$B$20*FD8 -> 0.0082105573 | FF8: =0.8*(1-Inputs!$B$50)*(FC8-FE8) -> 0.0017296315 | FG8: =FC8-FE8-FF8 -> 0.71637457 | FH8: =FG8*(1-Inputs!$B$18*EXP(-Inputs!$B$21*Inputs!$B$14*Inputs!$B$17/(Inputs!$B$22*Inputs!$B$23*Inputs!$B$24*FA8*Inputs!$B$16))*Inputs!$B$19) -> 0.026470505 | FI8: =(FG8-FH8)*(1-EXP(-Inputs!$B$25*Inputs!$B$14*Inputs!$B$17*Inputs!$B$26/(FA8*Inputs!$B$16/0.866))) -> 0.0077705226 | FJ8: =(FG8-FH8-FI8)*(1-Inputs!$B$19) -> 0.0034106677 | FK8: =(FD8+FE8+FF8+FH8+FI8+FJ8)*(1+Inputs!$B$27) -> 0.32224096 | FL8: =Inputs!$B$52/(1-FK8-G8) -> 198752.3 | FM8: =FL8/Inputs!$B$34 -> 331.25384 | FN8: =B8^2/FM8 -> 9.4670601 | FO8: =Inputs!$B$54*H8/(Inputs!$B$35*F8+E8*H8^2/(PI()*FN8*Inputs!$B$36)) -> 18.434967 | FP8: =EXP(-Inputs!$B$11*Inputs!$B$14*Inputs!$B$17/(Inputs!$B$51*FO8*Inputs!$B$16)) -> 0.74331756 | FQ8: =Inputs!$B$50*Inputs!$B$18*FP8*Inputs!$B$19 -> 0.7263136 | FR8: =1-FQ8 -> 0.2736864 | FS8: =Inputs!$B$20*FR8 -> 0.0082105921 | FT8: =0.8*(1-Inputs!$B$50)*(FQ8-FS8) -> 0.0017296286 | FU8: =FQ8-FS8-FT8 -> 0.71637338 | FV8: =FU8*(1-Inputs!$B$18*EXP(-Inputs!$B$21*Inputs!$B$14*Inputs!$B$17/(Inputs!$B$22*Inputs!$B$23*Inputs!$B$24*FO8*Inputs!$B$16))*Inputs!$B$19) -> 0.026470526 | FW8: =(FU8-FV8)*(1-EXP(-Inputs!$B$25*Inputs!$B$14*Inputs!$B$17*Inputs!$B$26/(FO8*Inputs!$B$16/0.866))) -> 0.0077705505 | FX8: =(FU8-FV8-FW8)*(1-Inputs!$B$19) -> 0.0034106615 | FY8: =(FR8+FS8+FT8+FV8+FW8+FX8)*(1+Inputs!$B$27) -> 0.3222422 | FZ8: =Inputs!$B$52/(1-FY8-G8) -> 198753.8 | GA8: =FZ8/Inputs!$B$34 -> 331.25633 | GB8: =B8^2/GA8 -> 9.4669888 | GC8: =Inputs!$B$54*H8/(Inputs!$B$35*F8+E8*H8^2/(PI()*GB8*Inputs!$B$36)) -> 18.434923 | GD8: =EXP(-Inputs!$B$11*Inputs!$B$14*Inputs!$B$17/(Inputs!$B$51*GC8*Inputs!$B$16)) -> 0.74331702 | GE8: =Inputs!$B$50*Inputs!$B$18*GD8*Inputs!$B$19 -> 0.72631307 | GF8: =1-GE8 -> 0.27368693 | GG8: =Inputs!$B$20*GF8 -> 0.0082106078 | GH8: =0.8*(1-Inputs!$B$50)*(GE8-GG8) -> 0.0017296273 | GI8: =GE8-GG8-GH8 -> 0.71637284 | GJ8: =GI8*(1-Inputs!$B$18*EXP(-Inputs!$B$21*Inputs!$B$14*Inputs!$B$17/(Inputs!$B$22*Inputs!$B$23*Inputs!$B$24*GC8*Inputs!$B$16))*Inputs!$B$19) -> 0.026470535 | GK8: =(GI8-GJ8)*(1-EXP(-Inputs!$B$25*Inputs!$B$14*Inputs!$B$17*Inputs!$B$26/(GC8*Inputs!$B$16/0.866))) -> 0.0077705631 | GL8: =(GI8-GJ8-GK8)*(1-Inputs!$B$19) -> 0.0034106587 | GM8: =(GF8+GG8+GH8+GJ8+GK8+GL8)*(1+Inputs!$B$27) -> 0.32224275 | GN8: =Inputs!$B$52/(1-GM8-G8) -> 198754.48 | GO8: =GN8/Inputs!$B$34 -> 331.25746 | GP8: =B8^2/GO8 -> 9.4669566 | GQ8: =Inputs!$B$54*H8/(Inputs!$B$35*F8+E8*H8^2/(PI()*GP8*Inputs!$B$36)) -> 18.434902 | GR8: =EXP(-Inputs!$B$11*Inputs!$B$14*Inputs!$B$17/(Inputs!$B$51*GQ8*Inputs!$B$16)) -> 0.74331678 | GS8: =Inputs!$B$50*Inputs!$B$18*GR8*Inputs!$B$19 -> 0.72631284 | GT8: =1-GS8 -> 0.27368716 | GU8: =Inputs!$B$20*GT8 -> 0.0082106148 | GV8: =0.8*(1-Inputs!$B$50)*(GS8-GU8) -> 0.0017296268 | GW8: =GS8-GU8-GV8 -> 0.7163726 | GX8: =GW8*(1-Inputs!$B$18*EXP(-Inputs!$B$21*Inputs!$B$14*Inputs!$B$17/(Inputs!$B$22*Inputs!$B$23*Inputs!$B$24*GQ8*Inputs!$B$16))*Inputs!$B$19) -> 0.026470539 | GY8: =(GW8-GX8)*(1-EXP(-Inputs!$B$25*Inputs!$B$14*Inputs!$B$17*Inputs!$B$26/(GQ8*Inputs!$B$16/0.866))) -> 0.0077705688 | GZ8: =(GW8-GX8-GY8)*(1-Inputs!$B$19) -> 0.0034106574 | HA8: =(GT8+GU8+GV8+GX8+GY8+GZ8)*(1+Inputs!$B$27) -> 0.32224301 | HB8: =Inputs!$B$52/(1-HA8-G8) -> 198754.78 | HC8: =HB8/Inputs!$B$34 -> 331.25797 | HD8: =B8^2/HC8 -> 9.466942 | HE8: =Inputs!$B$54*H8/(Inputs!$B$35*F8+E8*H8^2/(PI()*HD8*Inputs!$B$36)) -> 18.434893 | HF8: =EXP(-Inputs!$B$11*Inputs!$B$14*Inputs!$B$17/(Inputs!$B$51*HE8*Inputs!$B$16)) -> 0.74331667 | HG8: =Inputs!$B$50*Inputs!$B$18*HF8*Inputs!$B$19 -> 0.72631273 | HH8: =1-HG8 -> 0.27368727 | HI8: =Inputs!$B$20*HH8 -> 0.008210618 | HJ8: =0.8*(1-Inputs!$B$50)*(HG8-HI8) -> 0.0017296265 | HK8: =HG8-HI8-HJ8 -> 0.71637249 | HL8: =HK8*(1-Inputs!$B$18*EXP(-Inputs!$B$21*Inputs!$B$14*Inputs!$B$17/(Inputs!$B$22*Inputs!$B$23*Inputs!$B$24*HE8*Inputs!$B$16))*Inputs!$B$19) -> 0.026470541 | HM8: =(HK8-HL8)*(1-EXP(-Inputs!$B$25*Inputs!$B$14*Inputs!$B$17*Inputs!$B$26/(HE8*Inputs!$B$16/0.866))) -> 0.0077705713 | HN8: =(HK8-HL8-HM8)*(1-Inputs!$B$19) -> 0.0034106569 | HO8: =(HH8+HI8+HJ8+HL8+HM8+HN8)*(1+Inputs!$B$27) -> 0.32224312 | HP8: =Inputs!$B$52/(1-HO8-G8) -> 198754.92 | HQ8: =HP8/Inputs!$B$34 -> 331.2582 | HR8: =B8^2/HQ8 -> 9.4669355 | HS8: =Inputs!$B$54*H8/(Inputs!$B$35*F8+E8*H8^2/(PI()*HR8*Inputs!$B$36)) -> 18.434889 | HT8: =EXP(-Inputs!$B$11*Inputs!$B$14*Inputs!$B$17/(Inputs!$B$51*HS8*Inputs!$B$16)) -> 0.74331662 | HU8: =Inputs!$B$50*Inputs!$B$18*HT8*Inputs!$B$19 -> 0.72631268 | HV8: =1-HU8 -> 0.27368732 | HW8: =Inputs!$B$20*HV8 -> 0.0082106195 | HX8: =0.8*(1-Inputs!$B$50)*(HU8-HW8) -> 0.0017296264 | HY8: =HU8-HW8-HX8 -> 0.71637244 | HZ8: =HY8*(1-Inputs!$B$18*EXP(-Inputs!$B$21*Inputs!$B$14*Inputs!$B$17/(Inputs!$B$22*Inputs!$B$23*Inputs!$B$24*HS8*Inputs!$B$16))*Inputs!$B$19) -> 0.026470542 | IA8: =(HY8-HZ8)*(1-EXP(-Inputs!$B$25*Inputs!$B$14*Inputs!$B$17*Inputs!$B$26/(HS8*Inputs!$B$16/0.866))) -> 0.0077705725 | IB8: =(HY8-HZ8-IA8)*(1-Inputs!$B$19) -> 0.0034106566 | IC8: =(HV8+HW8+HX8+HZ8+IA8+IB8)*(1+Inputs!$B$27) -> 0.32224317 | ID8: =Inputs!$B$52/(1-IC8-G8) -> 198754.98 | IE8: =ID8/Inputs!$B$34 -> 331.2583 | IF8: =B8^2/IE8 -> 9.4669325 | IG8: =Inputs!$B$54*H8/(Inputs!$B$35*F8+E8*H8^2/(PI()*IF8*Inputs!$B$36)) -> 18.434887 | IH8: =EXP(-Inputs!$B$11*Inputs!$B$14*Inputs!$B$17/(Inputs!$B$51*IG8*Inputs!$B$16)) -> 0.7433166 | II8: =Inputs!$B$50*Inputs!$B$18*IH8*Inputs!$B$19 -> 0.72631266 | IJ8: =1-II8 -> 0.27368734 | IK8: =Inputs!$B$20*IJ8 -> 0.0082106201 | IL8: =0.8*(1-Inputs!$B$50)*(II8-IK8) -> 0.0017296263 | IM8: =II8-IK8-IL8 -> 0.71637242 | IN8: =IM8*(1-Inputs!$B$18*EXP(-Inputs!$B$21*Inputs!$B$14*Inputs!$B$17/(Inputs!$B$22*Inputs!$B$23*Inputs!$B$24*IG8*Inputs!$B$16))*Inputs!$B$19) -> 0.026470543 | IO8: =(IM8-IN8)*(1-EXP(-Inputs!$B$25*Inputs!$B$14*Inputs!$B$17*Inputs!$B$26/(IG8*Inputs!$B$16/0.866))) -> 0.007770573 | IP8: =(IM8-IN8-IO8)*(1-Inputs!$B$19) -> 0.0034106565 | IQ8: =(IJ8+IK8+IL8+IN8+IO8+IP8)*(1+Inputs!$B$27) -> 0.32224319 | IR8: =Inputs!$B$52/(1-IQ8-G8) -> 198755.01 | IS8: =IR8/Inputs!$B$34 -> 331.25835 | IT8: =B8^2/IS8 -> 9.4669312 | IU8: =Inputs!$B$54*H8/(Inputs!$B$35*F8+E8*H8^2/(PI()*IT8*Inputs!$B$36)) -> 18.434886 | IV8: =EXP(-Inputs!$B$11*Inputs!$B$14*Inputs!$B$17/(Inputs!$B$51*IU8*Inputs!$B$16)) -> 0.74331659 | IW8: =Inputs!$B$50*Inputs!$B$18*IV8*Inputs!$B$19 -> 0.72631265 | IX8: =1-IW8 -> 0.27368735 | IY8: =Inputs!$B$20*IX8 -> 0.0082106204 | IZ8: =0.8*(1-Inputs!$B$50)*(IW8-IY8) -> 0.0017296263 | JA8: =IW8-IY8-IZ8 -> 0.71637241 | JB8: =JA8*(1-Inputs!$B$18*EXP(-Inputs!$B$21*Inputs!$B$14*Inputs!$B$17/(Inputs!$B$22*Inputs!$B$23*Inputs!$B$24*IU8*Inputs!$B$16))*Inputs!$B$19) -> 0.026470543 | JC8: =(JA8-JB8)*(1-EXP(-Inputs!$B$25*Inputs!$B$14*Inputs!$B$17*Inputs!$B$26/(IU8*Inputs!$B$16/0.866))) -> 0.0077705733 | JD8: =(JA8-JB8-JC8)*(1-Inputs!$B$19) -> 0.0034106564 | JE8: =(IX8+IY8+IZ8+JB8+JC8+JD8)*(1+Inputs!$B$27) -> 0.32224321 | JF8: =Inputs!$B$52/(1-JE8-G8) -> 198755.02 | JG8: =JF8/Inputs!$B$34 -> 331.25837 | JH8: =B8^2/JG8 -> 9.4669305 | JI8: =Inputs!$B$54*H8/(Inputs!$B$35*F8+E8*H8^2/(PI()*JH8*Inputs!$B$36)) -> 18.434886 | JJ8: =EXP(-Inputs!$B$11*Inputs!$B$14*Inputs!$B$17/(Inputs!$B$51*JI8*Inputs!$B$16)) -> 0.74331659 | JK8: =Inputs!$B$50*Inputs!$B$18*JJ8*Inputs!$B$19 -> 0.72631265 | JL8: =1-JK8 -> 0.27368735 | JM8: =Inputs!$B$20*JL8 -> 0.0082106206 | JN8: =0.8*(1-Inputs!$B$50)*(JK8-JM8) -> 0.0017296263 | JO8: =JK8-JM8-JN8 -> 0.7163724 | JP8: =JO8*(1-Inputs!$B$18*EXP(-Inputs!$B$21*Inputs!$B$14*Inputs!$B$17/(Inputs!$B$22*Inputs!$B$23*Inputs!$B$24*JI8*Inputs!$B$16))*Inputs!$B$19) -> 0.026470543 | JQ8: =(JO8-JP8)*(1-EXP(-Inputs!$B$25*Inputs!$B$14*Inputs!$B$17*Inputs!$B$26/(JI8*Inputs!$B$16/0.866))) -> 0.0077705734 | JR8: =(JO8-JP8-JQ8)*(1-Inputs!$B$19) -> 0.0034106564 | JS8: =(JL8+JM8+JN8+JP8+JQ8+JR8)*(1+Inputs!$B$27) -> 0.32224321 | JT8: =Inputs!$B$52/(1-JS8-G8) -> 198755.03 | JU8: =JT8/Inputs!$B$34 -> 331.25838 | JV8: =B8^2/JU8 -> 9.4669303 | JW8: =Inputs!$B$54*H8/(Inputs!$B$35*F8+E8*H8^2/(PI()*JV8*Inputs!$B$36)) -> 18.434886 | JX8: =EXP(-Inputs!$B$11*Inputs!$B$14*Inputs!$B$17/(Inputs!$B$51*JW8*Inputs!$B$16)) -> 0.74331659 | JY8: =Inputs!$B$50*Inputs!$B$18*JX8*Inputs!$B$19 -> 0.72631265 | JZ8: =1-JY8 -> 0.27368735 | KA8: =Inputs!$B$20*JZ8 -> 0.0082106206 | KB8: =0.8*(1-Inputs!$B$50)*(JY8-KA8) -> 0.0017296263 | KC8: =JY8-KA8-KB8 -> 0.7163724 | KD8: =KC8*(1-Inputs!$B$18*EXP(-Inputs!$B$21*Inputs!$B$14*Inputs!$B$17/(Inputs!$B$22*Inputs!$B$23*Inputs!$B$24*JW8*Inputs!$B$16))*Inputs!$B$19) -> 0.026470543 | KE8: =(KC8-KD8)*(1-EXP(-Inputs!$B$25*Inputs!$B$14*Inputs!$B$17*Inputs!$B$26/(JW8*Inputs!$B$16/0.866))) -> 0.0077705734 | KF8: =(KC8-KD8-KE8)*(1-Inputs!$B$19) -> 0.0034106564 | KG8: =(JZ8+KA8+KB8+KD8+KE8+KF8)*(1+Inputs!$B$27) -> 0.32224321 | KH8: =Inputs!$B$52/(1-KG8-G8) -> 198755.03 | KI8: =KH8/Inputs!$B$34 -> 331.25839 | KJ8: =B8^2/KI8 -> 9.4669301 | KK8: =Inputs!$B$54*H8/(Inputs!$B$35*F8+E8*H8^2/(PI()*KJ8*Inputs!$B$36)) -> 18.434886 | KL8: =EXP(-Inputs!$B$11*Inputs!$B$14*Inputs!$B$17/(Inputs!$B$51*KK8*Inputs!$B$16)) -> 0.74331658 | KM8: =Inputs!$B$50*Inputs!$B$18*KL8*Inputs!$B$19 -> 0.72631264 | KN8: =1-KM8 -> 0.27368736 | KO8: =Inputs!$B$20*KN8 -> 0.0082106207 | KP8: =0.8*(1-Inputs!$B$50)*(KM8-KO8) -> 0.0017296263 | KQ8: =KM8-KO8-KP8 -> 0.7163724 | KR8: =KQ8*(1-Inputs!$B$18*EXP(-Inputs!$B$21*Inputs!$B$14*Inputs!$B$17/(Inputs!$B$22*Inputs!$B$23*Inputs!$B$24*KK8*Inputs!$B$16))*Inputs!$B$19) -> 0.026470543 | KS8: =(KQ8-KR8)*(1-EXP(-Inputs!$B$25*Inputs!$B$14*Inputs!$B$17*Inputs!$B$26/(KK8*Inputs!$B$16/0.866))) -> 0.0077705734 | KT8: =(KQ8-KR8-KS8)*(1-Inputs!$B$19) -> 0.0034106564 | KU8: =(KN8+KO8+KP8+KR8+KS8+KT8)*(1+Inputs!$B$27) -> 0.32224321 | KV8: =Inputs!$B$52/(1-KU8-G8) -> 198755.03 | KW8: =KV8/Inputs!$B$34 -> 331.25839 | KX8: =B8^2/KW8 -> 9.4669301 | KY8: =Inputs!$B$54*H8/(Inputs!$B$35*F8+E8*H8^2/(PI()*KX8*Inputs!$B$36)) -> 18.434886 | KZ8: =EXP(-Inputs!$B$11*Inputs!$B$14*Inputs!$B$17/(Inputs!$B$51*KY8*Inputs!$B$16)) -> 0.74331658 | LA8: =Inputs!$B$50*Inputs!$B$18*KZ8*Inputs!$B$19 -> 0.72631264 | LB8: =1-LA8 -> 0.27368736 | LC8: =Inputs!$B$20*LB8 -> 0.0082106207 | LD8: =0.8*(1-Inputs!$B$50)*(LA8-LC8) -> 0.0017296263 | LE8: =LA8-LC8-LD8 -> 0.7163724 | LF8: =LE8*(1-Inputs!$B$18*EXP(-Inputs!$B$21*Inputs!$B$14*Inputs!$B$17/(Inputs!$B$22*Inputs!$B$23*Inputs!$B$24*KY8*Inputs!$B$16))*Inputs!$B$19) -> 0.026470543 | LG8: =(LE8-LF8)*(1-EXP(-Inputs!$B$25*Inputs!$B$14*Inputs!$B$17*Inputs!$B$26/(KY8*Inputs!$B$16/0.866))) -> 0.0077705735 | LH8: =(LE8-LF8-LG8)*(1-Inputs!$B$19) -> 0.0034106564 | LI8: =(LB8+LC8+LD8+LF8+LG8+LH8)*(1+Inputs!$B$27) -> 0.32224321 | LJ8: =Inputs!$B$52/(1-LI8-G8) -> 198755.03 | LK8: =LJ8/Inputs!$B$34 -> 331.25839 | LL8: =B8^2/LK8 -> 9.4669301 | LM8: =Inputs!$B$54*H8/(Inputs!$B$35*F8+E8*H8^2/(PI()*LL8*Inputs!$B$36)) -> 18.434886 | LN8: =EXP(-Inputs!$B$11*Inputs!$B$14*Inputs!$B$17/(Inputs!$B$51*LM8*Inputs!$B$16)) -> 0.74331658 | LO8: =Inputs!$B$50*Inputs!$B$18*LN8*Inputs!$B$19 -> 0.72631264 | LP8: =1-LO8 -> 0.27368736 | LQ8: =Inputs!$B$20*LP8 -> 0.0082106207 | LR8: =0.8*(1-Inputs!$B$50)*(LO8-LQ8) -> 0.0017296263 | LS8: =LO8-LQ8-LR8 -> 0.7163724 | LT8: =LS8*(1-Inputs!$B$18*EXP(-Inputs!$B$21*Inputs!$B$14*Inputs!$B$17/(Inputs!$B$22*Inputs!$B$23*Inputs!$B$24*LM8*Inputs!$B$16))*Inputs!$B$19) -> 0.026470543 | LU8: =(LS8-LT8)*(1-EXP(-Inputs!$B$25*Inputs!$B$14*Inputs!$B$17*Inputs!$B$26/(LM8*Inputs!$B$16/0.866))) -> 0.0077705735 | LV8: =(LS8-LT8-LU8)*(1-Inputs!$B$19) -> 0.0034106564 | LW8: =(LP8+LQ8+LR8+LT8+LU8+LV8)*(1+Inputs!$B$27) -> 0.32224321 | LX8: =Inputs!$B$52/(1-LW8-G8) -> 198755.03 | LY8: =LX8/Inputs!$B$34 -> 331.25839 | LZ8: =B8^2/LY8 -> 9.4669301 | MA8: =Inputs!$B$54*H8/(Inputs!$B$35*F8+E8*H8^2/(PI()*LZ8*Inputs!$B$36)) -> 18.434886 | MB8: =EXP(-Inputs!$B$11*Inputs!$B$14*Inputs!$B$17/(Inputs!$B$51*MA8*Inputs!$B$16)) -> 0.74331658 | MC8: =Inputs!$B$50*Inputs!$B$18*MB8*Inputs!$B$19 -> 0.72631264 | MD8: =1-MC8 -> 0.27368736 | ME8: =Inputs!$B$20*MD8 -> 0.0082106207 | MF8: =0.8*(1-Inputs!$B$50)*(MC8-ME8) -> 0.0017296263 | MG8: =MC8-ME8-MF8 -> 0.7163724 | MH8: =MG8*(1-Inputs!$B$18*EXP(-Inputs!$B$21*Inputs!$B$14*Inputs!$B$17/(Inputs!$B$22*Inputs!$B$23*Inputs!$B$24*MA8*Inputs!$B$16))*Inputs!$B$19) -> 0.026470543 | MI8: =(MG8-MH8)*(1-EXP(-Inputs!$B$25*Inputs!$B$14*Inputs!$B$17*Inputs!$B$26/(MA8*Inputs!$B$16/0.866))) -> 0.0077705735 | MJ8: =(MG8-MH8-MI8)*(1-Inputs!$B$19) -> 0.0034106564 | MK8: =(MD8+ME8+MF8+MH8+MI8+MJ8)*(1+Inputs!$B$27) -> 0.32224321 | ML8: =Inputs!$B$52/(1-MK8-G8) -> 198755.03 | MM8: =ML8/Inputs!$B$34 -> 331.25839 | MN8: =B8^2/MM8 -> 9.4669301 | MO8: =Inputs!$B$54*H8/(Inputs!$B$35*F8+E8*H8^2/(PI()*MN8*Inputs!$B$36)) -> 18.434886 | MP8: =EXP(-Inputs!$B$11*Inputs!$B$14*Inputs!$B$17/(Inputs!$B$51*MO8*Inputs!$B$16)) -> 0.74331658 | MQ8: =Inputs!$B$50*Inputs!$B$18*MP8*Inputs!$B$19 -> 0.72631264 | MR8: =1-MQ8 -> 0.27368736 | MS8: =Inputs!$B$20*MR8 -> 0.0082106207 | MT8: =0.8*(1-Inputs!$B$50)*(MQ8-MS8) -> 0.0017296263 | MU8: =MQ8-MS8-MT8 -> 0.7163724 | MV8: =MU8*(1-Inputs!$B$18*EXP(-Inputs!$B$21*Inputs!$B$14*Inputs!$B$17/(Inputs!$B$22*Inputs!$B$23*Inputs!$B$24*MO8*Inputs!$B$16))*Inputs!$B$19) -> 0.026470543 | MW8: =(MU8-MV8)*(1-EXP(-Inputs!$B$25*Inputs!$B$14*Inputs!$B$17*Inputs!$B$26/(MO8*Inputs!$B$16/0.866))) -> 0.0077705735 | MX8: =(MU8-MV8-MW8)*(1-Inputs!$B$19) -> 0.0034106564 | MY8: =(MR8+MS8+MT8+MV8+MW8+MX8)*(1+Inputs!$B$27) -> 0.32224321 | MZ8: =Inputs!$B$52/(1-MY8-G8) -> 198755.03 | NA8: =MZ8/Inputs!$B$34 -> 331.25839 | NB8: =B8^2/NA8 -> 9.46693 | NC8: =Inputs!$B$54*H8/(Inputs!$B$35*F8+E8*H8^2/(PI()*NB8*Inputs!$B$36)) -> 18.434886 | ND8: =EXP(-Inputs!$B$11*Inputs!$B$14*Inputs!$B$17/(Inputs!$B$51*NC8*Inputs!$B$16)) -> 0.74331658 | NE8: =Inputs!$B$50*Inputs!$B$18*ND8*Inputs!$B$19 -> 0.72631264 | NF8: =1-NE8 -> 0.27368736 | NG8: =Inputs!$B$20*NF8 -> 0.0082106207 | NH8: =0.8*(1-Inputs!$B$50)*(NE8-NG8) -> 0.0017296263 | NI8: =NE8-NG8-NH8 -> 0.7163724 | NJ8: =NI8*(1-Inputs!$B$18*EXP(-Inputs!$B$21*Inputs!$B$14*Inputs!$B$17/(Inputs!$B$22*Inputs!$B$23*Inputs!$B$24*NC8*Inputs!$B$16))*Inputs!$B$19) -> 0.026470543 | NK8: =(NI8-NJ8)*(1-EXP(-Inputs!$B$25*Inputs!$B$14*Inputs!$B$17*Inputs!$B$26/(NC8*Inputs!$B$16/0.866))) -> 0.0077705735 | NL8: =(NI8-NJ8-NK8)*(1-Inputs!$B$19) -> 0.0034106564 | NM8: =(NF8+NG8+NH8+NJ8+NK8+NL8)*(1+Inputs!$B$27) -> 0.32224321 | NN8: =Inputs!$B$52/(1-NM8-G8) -> 198755.03
A9: Box wing | B9: 56 | C9: 0.15 | D9: =B9*C9 -> 8.4 | E9: =IF(C9=0,1,(1+0.45*C9)/(1.04+2.81*C9)) -> 0.73041396 | F9: =1+Inputs!$B$42*D9 -> 1.042 | G9: =Inputs!$B$31+Inputs!$B$43*(B9/Inputs!$B$32-1)+Inputs!$B$44+Inputs!$B$45*D9 -> 0.51529 | H9: =Inputs!$B$38 -> 0.5 | I9: =Inputs!$B$40 -> 2.4 | J9: =NN9/Inputs!$B$34 -> 324.90007 | K9: =B9^2/J9 -> 9.6521986 | L9: =2*K9 -> 19.304397 | M9: =NC9 -> 18.834103 | N9: =B9/SQRT(E9) -> 65.524467 | O9: =NM9 -> 0.31735085 | P9: =NN9/1000 -> 194.94004 | Q9: =G9*NN9/1000 -> 100.45065 | R9: =NM9*NN9/1000 -> 61.864388 | S9: =NM9*NN9/Inputs!$B$28/1000 -> 82.48585 | T9: =R9/Sweep!$R$5-1 -> -0.01011629 | U9: =R9/SUMIFS(Sweep!$R:$R,Sweep!$A:$A,"Conventional",Sweep!$B:$B,B9)-1 -> -0.22935803 | V9: =2*0.54*(J9/2)^1.5/SQRT(L9)*Inputs!$B$46*Inputs!$B$47 -> 47.58685 | W9: =MIN(1,V9/S9) -> 0.57690925 | X9: =1.23*SQRT(2*Inputs!$B$41*NN9*Inputs!$B$49/(1.225*J9*I9))/0.5144 -> 133.62968 | Y9: =(11000+6341.6*LN(0.36392/(2*Inputs!$B$50*Inputs!$B$18*(1+ND9)/2*Inputs!$B$34*Inputs!$B$49/((Inputs!$B$12*295.07)^2*H9))))/0.3048 -> 38684.569 | Z9: =NN9-MZ9 -> 4.741014e-07 | AA9: =IF(ABS(NN9-MZ9)<10,"Yes","No") -> Yes | AC9: =Inputs!$B$52/(1-0.3154-G9)/Inputs!$B$34 -> 321.15646 | AD9: =B9^2/AC9 -> 9.764711 | AE9: =Inputs!$B$54*H9/(Inputs!$B$35*F9+E9*H9^2/(PI()*AD9*Inputs!$B$36)) -> 18.899042 | AF9: =EXP(-Inputs!$B$11*Inputs!$B$14*Inputs!$B$17/(Inputs!$B$51*AE9*Inputs!$B$16)) -> 0.74875161 | AG9: =Inputs!$B$50*Inputs!$B$18*AF9*Inputs!$B$19 -> 0.73162334 | AH9: =1-AG9 -> 0.26837666 | AI9: =Inputs!$B$20*AH9 -> 0.0080512999 | AJ9: =0.8*(1-Inputs!$B$50)*(AG9-AI9) -> 0.0017428014 | AK9: =AG9-AI9-AJ9 -> 0.72182923 | AL9: =AK9*(1-Inputs!$B$18*EXP(-Inputs!$B$21*Inputs!$B$14*Inputs!$B$17/(Inputs!$B$22*Inputs!$B$23*Inputs!$B$24*AE9*Inputs!$B$16))*Inputs!$B$19) -> 0.026372917 | AM9: =(AK9-AL9)*(1-EXP(-Inputs!$B$25*Inputs!$B$14*Inputs!$B$17*Inputs!$B$26/(AE9*Inputs!$B$16/0.866))) -> 0.0076418158 | AN9: =(AK9-AL9-AM9)*(1-Inputs!$B$19) -> 0.0034390725 | AO9: =(AH9+AI9+AJ9+AL9+AM9+AN9)*(1+Inputs!$B$27) -> 0.31657145 | AP9: =Inputs!$B$52/(1-AO9-G9) -> 194036.4 | AQ9: =AP9/Inputs!$B$34 -> 323.394 | AR9: =B9^2/AQ9 -> 9.6971496 | AS9: =Inputs!$B$54*H9/(Inputs!$B$35*F9+E9*H9^2/(PI()*AR9*Inputs!$B$36)) -> 18.860174 | AT9: =EXP(-Inputs!$B$11*Inputs!$B$14*Inputs!$B$17/(Inputs!$B$51*AS9*Inputs!$B$16)) -> 0.74830526 | AU9: =Inputs!$B$50*Inputs!$B$18*AT9*Inputs!$B$19 -> 0.7311872 | AV9: =1-AU9 -> 0.2688128 | AW9: =Inputs!$B$20*AV9 -> 0.0080643841 | AX9: =0.8*(1-Inputs!$B$50)*(AU9-AW9) -> 0.0017417194 | AY9: =AU9-AW9-AX9 -> 0.72138109 | AZ9: =AY9*(1-Inputs!$B$18*EXP(-Inputs!$B$21*Inputs!$B$14*Inputs!$B$17/(Inputs!$B$22*Inputs!$B$23*Inputs!$B$24*AS9*Inputs!$B$16))*Inputs!$B$19) -> 0.026381028 | BA9: =(AY9-AZ9)*(1-EXP(-Inputs!$B$25*Inputs!$B$14*Inputs!$B$17*Inputs!$B$26/(AS9*Inputs!$B$16/0.866))) -> 0.0076524537 | BB9: =(AY9-AZ9-BA9)*(1-Inputs!$B$19) -> 0.0034367381 | BC9: =(AV9+AW9+AX9+AZ9+BA9+BB9)*(1+Inputs!$B$27) -> 0.31703739 | BD9: =Inputs!$B$52/(1-BC9-G9) -> 194575.61 | BE9: =BD9/Inputs!$B$34 -> 324.29269 | BF9: =B9^2/BE9 -> 9.6702766 | BG9: =Inputs!$B$54*H9/(Inputs!$B$35*F9+E9*H9^2/(PI()*BF9*Inputs!$B$36)) -> 18.844608 | BH9: =EXP(-Inputs!$B$11*Inputs!$B$14*Inputs!$B$17/(Inputs!$B$51*BG9*Inputs!$B$16)) -> 0.74812606 | BI9: =Inputs!$B$50*Inputs!$B$18*BH9*Inputs!$B$19 -> 0.7310121 | BJ9: =1-BI9 -> 0.2689879 | BK9: =Inputs!$B$20*BJ9 -> 0.0080696371 | BL9: =0.8*(1-Inputs!$B$50)*(BI9-BK9) -> 0.001741285 | BM9: =BI9-BK9-BL9 -> 0.72120118 | BN9: =BM9*(1-Inputs!$B$18*EXP(-Inputs!$B$21*Inputs!$B$14*Inputs!$B$17/(Inputs!$B$22*Inputs!$B$23*Inputs!$B$24*BG9*Inputs!$B$16))*Inputs!$B$19) -> 0.026384279 | BO9: =(BM9-BN9)*(1-EXP(-Inputs!$B$25*Inputs!$B$14*Inputs!$B$17*Inputs!$B$26/(BG9*Inputs!$B$16/0.866))) -> 0.0076567214 | BP9: =(BM9-BN9-BO9)*(1-Inputs!$B$19) -> 0.0034358009 | BQ9: =(BJ9+BK9+BL9+BN9+BO9+BP9)*(1+Inputs!$B$27) -> 0.31722445 | BR9: =Inputs!$B$52/(1-BQ9-G9) -> 194792.93 | BS9: =BR9/Inputs!$B$34 -> 324.65488 | BT9: =B9^2/BS9 -> 9.6594883 | BU9: =Inputs!$B$54*H9/(Inputs!$B$35*F9+E9*H9^2/(PI()*BT9*Inputs!$B$36)) -> 18.838342 | BV9: =EXP(-Inputs!$B$11*Inputs!$B$14*Inputs!$B$17/(Inputs!$B$51*BU9*Inputs!$B$16)) -> 0.74805385 | BW9: =Inputs!$B$50*Inputs!$B$18*BV9*Inputs!$B$19 -> 0.73094154 | BX9: =1-BW9 -> 0.26905846 | BY9: =Inputs!$B$20*BX9 -> 0.0080717537 | BZ9: =0.8*(1-Inputs!$B$50)*(BW9-BY9) -> 0.00174111 | CA9: =BW9-BY9-BZ9 -> 0.72112868 | CB9: =CA9*(1-Inputs!$B$18*EXP(-Inputs!$B$21*Inputs!$B$14*Inputs!$B$17/(Inputs!$B$22*Inputs!$B$23*Inputs!$B$24*BU9*Inputs!$B$16))*Inputs!$B$19) -> 0.026385589 | CC9: =(CA9-CB9)*(1-EXP(-Inputs!$B$25*Inputs!$B$14*Inputs!$B$17*Inputs!$B$26/(BU9*Inputs!$B$16/0.866))) -> 0.0076584405 | CD9: =(CA9-CB9-CC9)*(1-Inputs!$B$19) -> 0.0034354232 | CE9: =(BX9+BY9+BZ9+CB9+CC9+CD9)*(1+Inputs!$B$27) -> 0.31729983 | CF9: =Inputs!$B$52/(1-CE9-G9) -> 194880.63 | CG9: =CF9/Inputs!$B$34 -> 324.80105 | CH9: =B9^2/CG9 -> 9.6551412 | CI9: =Inputs!$B$54*H9/(Inputs!$B$35*F9+E9*H9^2/(PI()*CH9*Inputs!$B$36)) -> 18.835814 | CJ9: =EXP(-Inputs!$B$11*Inputs!$B$14*Inputs!$B$17/(Inputs!$B$51*CI9*Inputs!$B$16)) -> 0.74802471 | CK9: =Inputs!$B$50*Inputs!$B$18*CJ9*Inputs!$B$19 -> 0.73091307 | CL9: =1-CK9 -> 0.26908693 | CM9: =Inputs!$B$20*CL9 -> 0.0080726079 | CN9: =0.8*(1-Inputs!$B$50)*(CK9-CM9) -> 0.0017410393 | CO9: =CK9-CM9-CN9 -> 0.72109942 | CP9: =CO9*(1-Inputs!$B$18*EXP(-Inputs!$B$21*Inputs!$B$14*Inputs!$B$17/(Inputs!$B$22*Inputs!$B$23*Inputs!$B$24*CI9*Inputs!$B$16))*Inputs!$B$19) -> 0.026386117 | CQ9: =(CO9-CP9)*(1-EXP(-Inputs!$B$25*Inputs!$B$14*Inputs!$B$17*Inputs!$B$26/(CI9*Inputs!$B$16/0.866))) -> 0.0076591342 | CR9: =(CO9-CP9-CQ9)*(1-Inputs!$B$19) -> 0.0034352709 | CS9: =(CL9+CM9+CN9+CP9+CQ9+CR9)*(1+Inputs!$B$27) -> 0.31733024 | CT9: =Inputs!$B$52/(1-CS9-G9) -> 194916.04 | CU9: =CT9/Inputs!$B$34 -> 324.86007 | CV9: =B9^2/CU9 -> 9.6533869 | CW9: =Inputs!$B$54*H9/(Inputs!$B$35*F9+E9*H9^2/(PI()*CV9*Inputs!$B$36)) -> 18.834794 | CX9: =EXP(-Inputs!$B$11*Inputs!$B$14*Inputs!$B$17/(Inputs!$B$51*CW9*Inputs!$B$16)) -> 0.74801294 | CY9: =Inputs!$B$50*Inputs!$B$18*CX9*Inputs!$B$19 -> 0.73090157 | CZ9: =1-CY9 -> 0.26909843 | DA9: =Inputs!$B$20*CZ9 -> 0.0080729528 | DB9: =0.8*(1-Inputs!$B$50)*(CY9-DA9) -> 0.0017410108 | DC9: =CY9-DA9-DB9 -> 0.72108761 | DD9: =DC9*(1-Inputs!$B$18*EXP(-Inputs!$B$21*Inputs!$B$14*Inputs!$B$17/(Inputs!$B$22*Inputs!$B$23*Inputs!$B$24*CW9*Inputs!$B$16))*Inputs!$B$19) -> 0.02638633 | DE9: =(DC9-DD9)*(1-EXP(-Inputs!$B$25*Inputs!$B$14*Inputs!$B$17*Inputs!$B$26/(CW9*Inputs!$B$16/0.866))) -> 0.0076594143 | DF9: =(DC9-DD9-DE9)*(1-Inputs!$B$19) -> 0.0034352093 | DG9: =(CZ9+DA9+DB9+DD9+DE9+DF9)*(1+Inputs!$B$27) -> 0.31734253 | DH9: =Inputs!$B$52/(1-DG9-G9) -> 194930.35 | DI9: =DH9/Inputs!$B$34 -> 324.88391 | DJ9: =B9^2/DI9 -> 9.6526786 | DK9: =Inputs!$B$54*H9/(Inputs!$B$35*F9+E9*H9^2/(PI()*DJ9*Inputs!$B$36)) -> 18.834382 | DL9: =EXP(-Inputs!$B$11*Inputs!$B$14*Inputs!$B$17/(Inputs!$B$51*DK9*Inputs!$B$16)) -> 0.74800819 | DM9: =Inputs!$B$50*Inputs!$B$18*DL9*Inputs!$B$19 -> 0.73089693 | DN9: =1-DM9 -> 0.26910307 | DO9: =Inputs!$B$20*DN9 -> 0.0080730922 | DP9: =0.8*(1-Inputs!$B$50)*(DM9-DO9) -> 0.0017409993 | DQ9: =DM9-DO9-DP9 -> 0.72108284 | DR9: =DQ9*(1-Inputs!$B$18*EXP(-Inputs!$B$21*Inputs!$B$14*Inputs!$B$17/(Inputs!$B$22*Inputs!$B$23*Inputs!$B$24*DK9*Inputs!$B$16))*Inputs!$B$19) -> 0.026386417 | DS9: =(DQ9-DR9)*(1-EXP(-Inputs!$B$25*Inputs!$B$14*Inputs!$B$17*Inputs!$B$26/(DK9*Inputs!$B$16/0.866))) -> 0.0076595274 | DT9: =(DQ9-DR9-DS9)*(1-Inputs!$B$19) -> 0.0034351845 | DU9: =(DN9+DO9+DP9+DR9+DS9+DT9)*(1+Inputs!$B$27) -> 0.31734749 | DV9: =Inputs!$B$52/(1-DU9-G9) -> 194936.13 | DW9: =DV9/Inputs!$B$34 -> 324.89354 | DX9: =B9^2/DW9 -> 9.6523925 | DY9: =Inputs!$B$54*H9/(Inputs!$B$35*F9+E9*H9^2/(PI()*DX9*Inputs!$B$36)) -> 18.834215 | DZ9: =EXP(-Inputs!$B$11*Inputs!$B$14*Inputs!$B$17/(Inputs!$B$51*DY9*Inputs!$B$16)) -> 0.74800627 | EA9: =Inputs!$B$50*Inputs!$B$18*DZ9*Inputs!$B$19 -> 0.73089505 | EB9: =1-EA9 -> 0.26910495 | EC9: =Inputs!$B$20*EB9 -> 0.0080731484 | ED9: =0.8*(1-Inputs!$B$50)*(EA9-EC9) -> 0.0017409946 | EE9: =EA9-EC9-ED9 -> 0.72108091 | EF9: =EE9*(1-Inputs!$B$18*EXP(-Inputs!$B$21*Inputs!$B$14*Inputs!$B$17/(Inputs!$B$22*Inputs!$B$23*Inputs!$B$24*DY9*Inputs!$B$16))*Inputs!$B$19) -> 0.026386451 | EG9: =(EE9-EF9)*(1-EXP(-Inputs!$B$25*Inputs!$B$14*Inputs!$B$17*Inputs!$B$26/(DY9*Inputs!$B$16/0.866))) -> 0.0076595731 | EH9: =(EE9-EF9-EG9)*(1-Inputs!$B$19) -> 0.0034351744 | EI9: =(EB9+EC9+ED9+EF9+EG9+EH9)*(1+Inputs!$B$27) -> 0.31734949 | EJ9: =Inputs!$B$52/(1-EI9-G9) -> 194938.46 | EK9: =EJ9/Inputs!$B$34 -> 324.89743 | EL9: =B9^2/EK9 -> 9.6522769 | EM9: =Inputs!$B$54*H9/(Inputs!$B$35*F9+E9*H9^2/(PI()*EL9*Inputs!$B$36)) -> 18.834148 | EN9: =EXP(-Inputs!$B$11*Inputs!$B$14*Inputs!$B$17/(Inputs!$B$51*EM9*Inputs!$B$16)) -> 0.7480055 | EO9: =Inputs!$B$50*Inputs!$B$18*EN9*Inputs!$B$19 -> 0.73089429 | EP9: =1-EO9 -> 0.26910571 | EQ9: =Inputs!$B$20*EP9 -> 0.0080731712 | ER9: =0.8*(1-Inputs!$B$50)*(EO9-EQ9) -> 0.0017409927 | ES9: =EO9-EQ9-ER9 -> 0.72108013 | ET9: =ES9*(1-Inputs!$B$18*EXP(-Inputs!$B$21*Inputs!$B$14*Inputs!$B$17/(Inputs!$B$22*Inputs!$B$23*Inputs!$B$24*EM9*Inputs!$B$16))*Inputs!$B$19) -> 0.026386465 | EU9: =(ES9-ET9)*(1-EXP(-Inputs!$B$25*Inputs!$B$14*Inputs!$B$17*Inputs!$B$26/(EM9*Inputs!$B$16/0.866))) -> 0.0076595915 | EV9: =(ES9-ET9-EU9)*(1-Inputs!$B$19) -> 0.0034351704 | EW9: =(EP9+EQ9+ER9+ET9+EU9+EV9)*(1+Inputs!$B$27) -> 0.3173503 | EX9: =Inputs!$B$52/(1-EW9-G9) -> 194939.4 | EY9: =EX9/Inputs!$B$34 -> 324.899 | EZ9: =B9^2/EY9 -> 9.6522303 | FA9: =Inputs!$B$54*H9/(Inputs!$B$35*F9+E9*H9^2/(PI()*EZ9*Inputs!$B$36)) -> 18.834121 | FB9: =EXP(-Inputs!$B$11*Inputs!$B$14*Inputs!$B$17/(Inputs!$B$51*FA9*Inputs!$B$16)) -> 0.74800518 | FC9: =Inputs!$B$50*Inputs!$B$18*FB9*Inputs!$B$19 -> 0.73089399 | FD9: =1-FC9 -> 0.26910601 | FE9: =Inputs!$B$20*FD9 -> 0.0080731803 | FF9: =0.8*(1-Inputs!$B$50)*(FC9-FE9) -> 0.001740992 | FG9: =FC9-FE9-FF9 -> 0.72107982 | FH9: =FG9*(1-Inputs!$B$18*EXP(-Inputs!$B$21*Inputs!$B$14*Inputs!$B$17/(Inputs!$B$22*Inputs!$B$23*Inputs!$B$24*FA9*Inputs!$B$16))*Inputs!$B$19) -> 0.026386471 | FI9: =(FG9-FH9)*(1-EXP(-Inputs!$B$25*Inputs!$B$14*Inputs!$B$17*Inputs!$B$26/(FA9*Inputs!$B$16/0.866))) -> 0.007659599 | FJ9: =(FG9-FH9-FI9)*(1-Inputs!$B$19) -> 0.0034351687 | FK9: =(FD9+FE9+FF9+FH9+FI9+FJ9)*(1+Inputs!$B$27) -> 0.31735063 | FL9: =Inputs!$B$52/(1-FK9-G9) -> 194939.78 | FM9: =FL9/Inputs!$B$34 -> 324.89964 | FN9: =B9^2/FM9 -> 9.6522114 | FO9: =Inputs!$B$54*H9/(Inputs!$B$35*F9+E9*H9^2/(PI()*FN9*Inputs!$B$36)) -> 18.83411 | FP9: =EXP(-Inputs!$B$11*Inputs!$B$14*Inputs!$B$17/(Inputs!$B$51*FO9*Inputs!$B$16)) -> 0.74800506 | FQ9: =Inputs!$B$50*Inputs!$B$18*FP9*Inputs!$B$19 -> 0.73089387 | FR9: =1-FQ9 -> 0.26910613 | FS9: =Inputs!$B$20*FR9 -> 0.008073184 | FT9: =0.8*(1-Inputs!$B$50)*(FQ9-FS9) -> 0.0017409917 | FU9: =FQ9-FS9-FT9 -> 0.72107969 | FV9: =FU9*(1-Inputs!$B$18*EXP(-Inputs!$B$21*Inputs!$B$14*Inputs!$B$17/(Inputs!$B$22*Inputs!$B$23*Inputs!$B$24*FO9*Inputs!$B$16))*Inputs!$B$19) -> 0.026386473 | FW9: =(FU9-FV9)*(1-EXP(-Inputs!$B$25*Inputs!$B$14*Inputs!$B$17*Inputs!$B$26/(FO9*Inputs!$B$16/0.866))) -> 0.007659602 | FX9: =(FU9-FV9-FW9)*(1-Inputs!$B$19) -> 0.0034351681 | FY9: =(FR9+FS9+FT9+FV9+FW9+FX9)*(1+Inputs!$B$27) -> 0.31735076 | FZ9: =Inputs!$B$52/(1-FY9-G9) -> 194939.94 | GA9: =FZ9/Inputs!$B$34 -> 324.8999 | GB9: =B9^2/GA9 -> 9.6522038 | GC9: =Inputs!$B$54*H9/(Inputs!$B$35*F9+E9*H9^2/(PI()*GB9*Inputs!$B$36)) -> 18.834106 | GD9: =EXP(-Inputs!$B$11*Inputs!$B$14*Inputs!$B$17/(Inputs!$B$51*GC9*Inputs!$B$16)) -> 0.74800501 | GE9: =Inputs!$B$50*Inputs!$B$18*GD9*Inputs!$B$19 -> 0.73089382 | GF9: =1-GE9 -> 0.26910618 | GG9: =Inputs!$B$20*GF9 -> 0.0080731855 | GH9: =0.8*(1-Inputs!$B$50)*(GE9-GG9) -> 0.0017409916 | GI9: =GE9-GG9-GH9 -> 0.72107964 | GJ9: =GI9*(1-Inputs!$B$18*EXP(-Inputs!$B$21*Inputs!$B$14*Inputs!$B$17/(Inputs!$B$22*Inputs!$B$23*Inputs!$B$24*GC9*Inputs!$B$16))*Inputs!$B$19) -> 0.026386474 | GK9: =(GI9-GJ9)*(1-EXP(-Inputs!$B$25*Inputs!$B$14*Inputs!$B$17*Inputs!$B$26/(GC9*Inputs!$B$16/0.866))) -> 0.0076596032 | GL9: =(GI9-GJ9-GK9)*(1-Inputs!$B$19) -> 0.0034351678 | GM9: =(GF9+GG9+GH9+GJ9+GK9+GL9)*(1+Inputs!$B$27) -> 0.31735081 | GN9: =Inputs!$B$52/(1-GM9-G9) -> 194940 | GO9: =GN9/Inputs!$B$34 -> 324.9 | GP9: =B9^2/GO9 -> 9.6522007 | GQ9: =Inputs!$B$54*H9/(Inputs!$B$35*F9+E9*H9^2/(PI()*GP9*Inputs!$B$36)) -> 18.834104 | GR9: =EXP(-Inputs!$B$11*Inputs!$B$14*Inputs!$B$17/(Inputs!$B$51*GQ9*Inputs!$B$16)) -> 0.74800499 | GS9: =Inputs!$B$50*Inputs!$B$18*GR9*Inputs!$B$19 -> 0.73089379 | GT9: =1-GS9 -> 0.26910621 | GU9: =Inputs!$B$20*GT9 -> 0.0080731862 | GV9: =0.8*(1-Inputs!$B$50)*(GS9-GU9) -> 0.0017409915 | GW9: =GS9-GU9-GV9 -> 0.72107962 | GX9: =GW9*(1-Inputs!$B$18*EXP(-Inputs!$B$21*Inputs!$B$14*Inputs!$B$17/(Inputs!$B$22*Inputs!$B$23*Inputs!$B$24*GQ9*Inputs!$B$16))*Inputs!$B$19) -> 0.026386475 | GY9: =(GW9-GX9)*(1-EXP(-Inputs!$B$25*Inputs!$B$14*Inputs!$B$17*Inputs!$B$26/(GQ9*Inputs!$B$16/0.866))) -> 0.0076596037 | GZ9: =(GW9-GX9-GY9)*(1-Inputs!$B$19) -> 0.0034351677 | HA9: =(GT9+GU9+GV9+GX9+GY9+GZ9)*(1+Inputs!$B$27) -> 0.31735083 | HB9: =Inputs!$B$52/(1-HA9-G9) -> 194940.02 | HC9: =HB9/Inputs!$B$34 -> 324.90004 | HD9: =B9^2/HC9 -> 9.6521995 | HE9: =Inputs!$B$54*H9/(Inputs!$B$35*F9+E9*H9^2/(PI()*HD9*Inputs!$B$36)) -> 18.834103 | HF9: =EXP(-Inputs!$B$11*Inputs!$B$14*Inputs!$B$17/(Inputs!$B$51*HE9*Inputs!$B$16)) -> 0.74800498 | HG9: =Inputs!$B$50*Inputs!$B$18*HF9*Inputs!$B$19 -> 0.73089379 | HH9: =1-HG9 -> 0.26910621 | HI9: =Inputs!$B$20*HH9 -> 0.0080731864 | HJ9: =0.8*(1-Inputs!$B$50)*(HG9-HI9) -> 0.0017409915 | HK9: =HG9-HI9-HJ9 -> 0.72107961 | HL9: =HK9*(1-Inputs!$B$18*EXP(-Inputs!$B$21*Inputs!$B$14*Inputs!$B$17/(Inputs!$B$22*Inputs!$B$23*Inputs!$B$24*HE9*Inputs!$B$16))*Inputs!$B$19) -> 0.026386475 | HM9: =(HK9-HL9)*(1-EXP(-Inputs!$B$25*Inputs!$B$14*Inputs!$B$17*Inputs!$B$26/(HE9*Inputs!$B$16/0.866))) -> 0.0076596039 | HN9: =(HK9-HL9-HM9)*(1-Inputs!$B$19) -> 0.0034351677 | HO9: =(HH9+HI9+HJ9+HL9+HM9+HN9)*(1+Inputs!$B$27) -> 0.31735084 | HP9: =Inputs!$B$52/(1-HO9-G9) -> 194940.03 | HQ9: =HP9/Inputs!$B$34 -> 324.90006 | HR9: =B9^2/HQ9 -> 9.652199 | HS9: =Inputs!$B$54*H9/(Inputs!$B$35*F9+E9*H9^2/(PI()*HR9*Inputs!$B$36)) -> 18.834103 | HT9: =EXP(-Inputs!$B$11*Inputs!$B$14*Inputs!$B$17/(Inputs!$B$51*HS9*Inputs!$B$16)) -> 0.74800497 | HU9: =Inputs!$B$50*Inputs!$B$18*HT9*Inputs!$B$19 -> 0.73089378 | HV9: =1-HU9 -> 0.26910622 | HW9: =Inputs!$B$20*HV9 -> 0.0080731865 | HX9: =0.8*(1-Inputs!$B$50)*(HU9-HW9) -> 0.0017409915 | HY9: =HU9-HW9-HX9 -> 0.72107961 | HZ9: =HY9*(1-Inputs!$B$18*EXP(-Inputs!$B$21*Inputs!$B$14*Inputs!$B$17/(Inputs!$B$22*Inputs!$B$23*Inputs!$B$24*HS9*Inputs!$B$16))*Inputs!$B$19) -> 0.026386475 | IA9: =(HY9-HZ9)*(1-EXP(-Inputs!$B$25*Inputs!$B$14*Inputs!$B$17*Inputs!$B$26/(HS9*Inputs!$B$16/0.866))) -> 0.007659604 | IB9: =(HY9-HZ9-IA9)*(1-Inputs!$B$19) -> 0.0034351676 | IC9: =(HV9+HW9+HX9+HZ9+IA9+IB9)*(1+Inputs!$B$27) -> 0.31735085 | ID9: =Inputs!$B$52/(1-IC9-G9) -> 194940.04 | IE9: =ID9/Inputs!$B$34 -> 324.90006 | IF9: =B9^2/IE9 -> 9.6521988 | IG9: =Inputs!$B$54*H9/(Inputs!$B$35*F9+E9*H9^2/(PI()*IF9*Inputs!$B$36)) -> 18.834103 | IH9: =EXP(-Inputs!$B$11*Inputs!$B$14*Inputs!$B$17/(Inputs!$B$51*IG9*Inputs!$B$16)) -> 0.74800497 | II9: =Inputs!$B$50*Inputs!$B$18*IH9*Inputs!$B$19 -> 0.73089378 | IJ9: =1-II9 -> 0.26910622 | IK9: =Inputs!$B$20*IJ9 -> 0.0080731865 | IL9: =0.8*(1-Inputs!$B$50)*(II9-IK9) -> 0.0017409915 | IM9: =II9-IK9-IL9 -> 0.7210796 | IN9: =IM9*(1-Inputs!$B$18*EXP(-Inputs!$B$21*Inputs!$B$14*Inputs!$B$17/(Inputs!$B$22*Inputs!$B$23*Inputs!$B$24*IG9*Inputs!$B$16))*Inputs!$B$19) -> 0.026386475 | IO9: =(IM9-IN9)*(1-EXP(-Inputs!$B$25*Inputs!$B$14*Inputs!$B$17*Inputs!$B$26/(IG9*Inputs!$B$16/0.866))) -> 0.007659604 | IP9: =(IM9-IN9-IO9)*(1-Inputs!$B$19) -> 0.0034351676 | IQ9: =(IJ9+IK9+IL9+IN9+IO9+IP9)*(1+Inputs!$B$27) -> 0.31735085 | IR9: =Inputs!$B$52/(1-IQ9-G9) -> 194940.04 | IS9: =IR9/Inputs!$B$34 -> 324.90007 | IT9: =B9^2/IS9 -> 9.6521987 | IU9: =Inputs!$B$54*H9/(Inputs!$B$35*F9+E9*H9^2/(PI()*IT9*Inputs!$B$36)) -> 18.834103 | IV9: =EXP(-Inputs!$B$11*Inputs!$B$14*Inputs!$B$17/(Inputs!$B$51*IU9*Inputs!$B$16)) -> 0.74800497 | IW9: =Inputs!$B$50*Inputs!$B$18*IV9*Inputs!$B$19 -> 0.73089378 | IX9: =1-IW9 -> 0.26910622 | IY9: =Inputs!$B$20*IX9 -> 0.0080731865 | IZ9: =0.8*(1-Inputs!$B$50)*(IW9-IY9) -> 0.0017409915 | JA9: =IW9-IY9-IZ9 -> 0.7210796 | JB9: =JA9*(1-Inputs!$B$18*EXP(-Inputs!$B$21*Inputs!$B$14*Inputs!$B$17/(Inputs!$B$22*Inputs!$B$23*Inputs!$B$24*IU9*Inputs!$B$16))*Inputs!$B$19) -> 0.026386475 | JC9: =(JA9-JB9)*(1-EXP(-Inputs!$B$25*Inputs!$B$14*Inputs!$B$17*Inputs!$B$26/(IU9*Inputs!$B$16/0.866))) -> 0.007659604 | JD9: =(JA9-JB9-JC9)*(1-Inputs!$B$19) -> 0.0034351676 | JE9: =(IX9+IY9+IZ9+JB9+JC9+JD9)*(1+Inputs!$B$27) -> 0.31735085 | JF9: =Inputs!$B$52/(1-JE9-G9) -> 194940.04 | JG9: =JF9/Inputs!$B$34 -> 324.90007 | JH9: =B9^2/JG9 -> 9.6521986 | JI9: =Inputs!$B$54*H9/(Inputs!$B$35*F9+E9*H9^2/(PI()*JH9*Inputs!$B$36)) -> 18.834103 | JJ9: =EXP(-Inputs!$B$11*Inputs!$B$14*Inputs!$B$17/(Inputs!$B$51*JI9*Inputs!$B$16)) -> 0.74800497 | JK9: =Inputs!$B$50*Inputs!$B$18*JJ9*Inputs!$B$19 -> 0.73089378 | JL9: =1-JK9 -> 0.26910622 | JM9: =Inputs!$B$20*JL9 -> 0.0080731866 | JN9: =0.8*(1-Inputs!$B$50)*(JK9-JM9) -> 0.0017409915 | JO9: =JK9-JM9-JN9 -> 0.7210796 | JP9: =JO9*(1-Inputs!$B$18*EXP(-Inputs!$B$21*Inputs!$B$14*Inputs!$B$17/(Inputs!$B$22*Inputs!$B$23*Inputs!$B$24*JI9*Inputs!$B$16))*Inputs!$B$19) -> 0.026386475 | JQ9: =(JO9-JP9)*(1-EXP(-Inputs!$B$25*Inputs!$B$14*Inputs!$B$17*Inputs!$B$26/(JI9*Inputs!$B$16/0.866))) -> 0.0076596041 | JR9: =(JO9-JP9-JQ9)*(1-Inputs!$B$19) -> 0.0034351676 | JS9: =(JL9+JM9+JN9+JP9+JQ9+JR9)*(1+Inputs!$B$27) -> 0.31735085 | JT9: =Inputs!$B$52/(1-JS9-G9) -> 194940.04 | JU9: =JT9/Inputs!$B$34 -> 324.90007 | JV9: =B9^2/JU9 -> 9.6521986 | JW9: =Inputs!$B$54*H9/(Inputs!$B$35*F9+E9*H9^2/(PI()*JV9*Inputs!$B$36)) -> 18.834103 | JX9: =EXP(-Inputs!$B$11*Inputs!$B$14*Inputs!$B$17/(Inputs!$B$51*JW9*Inputs!$B$16)) -> 0.74800497 | JY9: =Inputs!$B$50*Inputs!$B$18*JX9*Inputs!$B$19 -> 0.73089378 | JZ9: =1-JY9 -> 0.26910622 | KA9: =Inputs!$B$20*JZ9 -> 0.0080731866 | KB9: =0.8*(1-Inputs!$B$50)*(JY9-KA9) -> 0.0017409915 | KC9: =JY9-KA9-KB9 -> 0.7210796 | KD9: =KC9*(1-Inputs!$B$18*EXP(-Inputs!$B$21*Inputs!$B$14*Inputs!$B$17/(Inputs!$B$22*Inputs!$B$23*Inputs!$B$24*JW9*Inputs!$B$16))*Inputs!$B$19) -> 0.026386475 | KE9: =(KC9-KD9)*(1-EXP(-Inputs!$B$25*Inputs!$B$14*Inputs!$B$17*Inputs!$B$26/(JW9*Inputs!$B$16/0.866))) -> 0.0076596041 | KF9: =(KC9-KD9-KE9)*(1-Inputs!$B$19) -> 0.0034351676 | KG9: =(JZ9+KA9+KB9+KD9+KE9+KF9)*(1+Inputs!$B$27) -> 0.31735085 | KH9: =Inputs!$B$52/(1-KG9-G9) -> 194940.04 | KI9: =KH9/Inputs!$B$34 -> 324.90007 | KJ9: =B9^2/KI9 -> 9.6521986 | KK9: =Inputs!$B$54*H9/(Inputs!$B$35*F9+E9*H9^2/(PI()*KJ9*Inputs!$B$36)) -> 18.834103 | KL9: =EXP(-Inputs!$B$11*Inputs!$B$14*Inputs!$B$17/(Inputs!$B$51*KK9*Inputs!$B$16)) -> 0.74800497 | KM9: =Inputs!$B$50*Inputs!$B$18*KL9*Inputs!$B$19 -> 0.73089378 | KN9: =1-KM9 -> 0.26910622 | KO9: =Inputs!$B$20*KN9 -> 0.0080731866 | KP9: =0.8*(1-Inputs!$B$50)*(KM9-KO9) -> 0.0017409915 | KQ9: =KM9-KO9-KP9 -> 0.7210796 | KR9: =KQ9*(1-Inputs!$B$18*EXP(-Inputs!$B$21*Inputs!$B$14*Inputs!$B$17/(Inputs!$B$22*Inputs!$B$23*Inputs!$B$24*KK9*Inputs!$B$16))*Inputs!$B$19) -> 0.026386475 | KS9: =(KQ9-KR9)*(1-EXP(-Inputs!$B$25*Inputs!$B$14*Inputs!$B$17*Inputs!$B$26/(KK9*Inputs!$B$16/0.866))) -> 0.0076596041 | KT9: =(KQ9-KR9-KS9)*(1-Inputs!$B$19) -> 0.0034351676 | KU9: =(KN9+KO9+KP9+KR9+KS9+KT9)*(1+Inputs!$B$27) -> 0.31735085 | KV9: =Inputs!$B$52/(1-KU9-G9) -> 194940.04 | KW9: =KV9/Inputs!$B$34 -> 324.90007 | KX9: =B9^2/KW9 -> 9.6521986 | KY9: =Inputs!$B$54*H9/(Inputs!$B$35*F9+E9*H9^2/(PI()*KX9*Inputs!$B$36)) -> 18.834103 | KZ9: =EXP(-Inputs!$B$11*Inputs!$B$14*Inputs!$B$17/(Inputs!$B$51*KY9*Inputs!$B$16)) -> 0.74800497 | LA9: =Inputs!$B$50*Inputs!$B$18*KZ9*Inputs!$B$19 -> 0.73089378 | LB9: =1-LA9 -> 0.26910622 | LC9: =Inputs!$B$20*LB9 -> 0.0080731866 | LD9: =0.8*(1-Inputs!$B$50)*(LA9-LC9) -> 0.0017409915 | LE9: =LA9-LC9-LD9 -> 0.7210796 | LF9: =LE9*(1-Inputs!$B$18*EXP(-Inputs!$B$21*Inputs!$B$14*Inputs!$B$17/(Inputs!$B$22*Inputs!$B$23*Inputs!$B$24*KY9*Inputs!$B$16))*Inputs!$B$19) -> 0.026386475 | LG9: =(LE9-LF9)*(1-EXP(-Inputs!$B$25*Inputs!$B$14*Inputs!$B$17*Inputs!$B$26/(KY9*Inputs!$B$16/0.866))) -> 0.0076596041 | LH9: =(LE9-LF9-LG9)*(1-Inputs!$B$19) -> 0.0034351676 | LI9: =(LB9+LC9+LD9+LF9+LG9+LH9)*(1+Inputs!$B$27) -> 0.31735085 | LJ9: =Inputs!$B$52/(1-LI9-G9) -> 194940.04 | LK9: =LJ9/Inputs!$B$34 -> 324.90007 | LL9: =B9^2/LK9 -> 9.6521986 | LM9: =Inputs!$B$54*H9/(Inputs!$B$35*F9+E9*H9^2/(PI()*LL9*Inputs!$B$36)) -> 18.834103 | LN9: =EXP(-Inputs!$B$11*Inputs!$B$14*Inputs!$B$17/(Inputs!$B$51*LM9*Inputs!$B$16)) -> 0.74800497 | LO9: =Inputs!$B$50*Inputs!$B$18*LN9*Inputs!$B$19 -> 0.73089378 | LP9: =1-LO9 -> 0.26910622 | LQ9: =Inputs!$B$20*LP9 -> 0.0080731866 | LR9: =0.8*(1-Inputs!$B$50)*(LO9-LQ9) -> 0.0017409915 | LS9: =LO9-LQ9-LR9 -> 0.7210796 | LT9: =LS9*(1-Inputs!$B$18*EXP(-Inputs!$B$21*Inputs!$B$14*Inputs!$B$17/(Inputs!$B$22*Inputs!$B$23*Inputs!$B$24*LM9*Inputs!$B$16))*Inputs!$B$19) -> 0.026386475 | LU9: =(LS9-LT9)*(1-EXP(-Inputs!$B$25*Inputs!$B$14*Inputs!$B$17*Inputs!$B$26/(LM9*Inputs!$B$16/0.866))) -> 0.0076596041 | LV9: =(LS9-LT9-LU9)*(1-Inputs!$B$19) -> 0.0034351676 | LW9: =(LP9+LQ9+LR9+LT9+LU9+LV9)*(1+Inputs!$B$27) -> 0.31735085 | LX9: =Inputs!$B$52/(1-LW9-G9) -> 194940.04 | LY9: =LX9/Inputs!$B$34 -> 324.90007 | LZ9: =B9^2/LY9 -> 9.6521986 | MA9: =Inputs!$B$54*H9/(Inputs!$B$35*F9+E9*H9^2/(PI()*LZ9*Inputs!$B$36)) -> 18.834103 | MB9: =EXP(-Inputs!$B$11*Inputs!$B$14*Inputs!$B$17/(Inputs!$B$51*MA9*Inputs!$B$16)) -> 0.74800497 | MC9: =Inputs!$B$50*Inputs!$B$18*MB9*Inputs!$B$19 -> 0.73089378 | MD9: =1-MC9 -> 0.26910622 | ME9: =Inputs!$B$20*MD9 -> 0.0080731866 | MF9: =0.8*(1-Inputs!$B$50)*(MC9-ME9) -> 0.0017409915 | MG9: =MC9-ME9-MF9 -> 0.7210796 | MH9: =MG9*(1-Inputs!$B$18*EXP(-Inputs!$B$21*Inputs!$B$14*Inputs!$B$17/(Inputs!$B$22*Inputs!$B$23*Inputs!$B$24*MA9*Inputs!$B$16))*Inputs!$B$19) -> 0.026386475 | MI9: =(MG9-MH9)*(1-EXP(-Inputs!$B$25*Inputs!$B$14*Inputs!$B$17*Inputs!$B$26/(MA9*Inputs!$B$16/0.866))) -> 0.0076596041 | MJ9: =(MG9-MH9-MI9)*(1-Inputs!$B$19) -> 0.0034351676 | MK9: =(MD9+ME9+MF9+MH9+MI9+MJ9)*(1+Inputs!$B$27) -> 0.31735085 | ML9: =Inputs!$B$52/(1-MK9-G9) -> 194940.04 | MM9: =ML9/Inputs!$B$34 -> 324.90007 | MN9: =B9^2/MM9 -> 9.6521986 | MO9: =Inputs!$B$54*H9/(Inputs!$B$35*F9+E9*H9^2/(PI()*MN9*Inputs!$B$36)) -> 18.834103 | MP9: =EXP(-Inputs!$B$11*Inputs!$B$14*Inputs!$B$17/(Inputs!$B$51*MO9*Inputs!$B$16)) -> 0.74800497 | MQ9: =Inputs!$B$50*Inputs!$B$18*MP9*Inputs!$B$19 -> 0.73089378 | MR9: =1-MQ9 -> 0.26910622 | MS9: =Inputs!$B$20*MR9 -> 0.0080731866 | MT9: =0.8*(1-Inputs!$B$50)*(MQ9-MS9) -> 0.0017409915 | MU9: =MQ9-MS9-MT9 -> 0.7210796 | MV9: =MU9*(1-Inputs!$B$18*EXP(-Inputs!$B$21*Inputs!$B$14*Inputs!$B$17/(Inputs!$B$22*Inputs!$B$23*Inputs!$B$24*MO9*Inputs!$B$16))*Inputs!$B$19) -> 0.026386475 | MW9: =(MU9-MV9)*(1-EXP(-Inputs!$B$25*Inputs!$B$14*Inputs!$B$17*Inputs!$B$26/(MO9*Inputs!$B$16/0.866))) -> 0.0076596041 | MX9: =(MU9-MV9-MW9)*(1-Inputs!$B$19) -> 0.0034351676 | MY9: =(MR9+MS9+MT9+MV9+MW9+MX9)*(1+Inputs!$B$27) -> 0.31735085 | MZ9: =Inputs!$B$52/(1-MY9-G9) -> 194940.04 | NA9: =MZ9/Inputs!$B$34 -> 324.90007 | NB9: =B9^2/NA9 -> 9.6521986 | NC9: =Inputs!$B$54*H9/(Inputs!$B$35*F9+E9*H9^2/(PI()*NB9*Inputs!$B$36)) -> 18.834103 | ND9: =EXP(-Inputs!$B$11*Inputs!$B$14*Inputs!$B$17/(Inputs!$B$51*NC9*Inputs!$B$16)) -> 0.74800497 | NE9: =Inputs!$B$50*Inputs!$B$18*ND9*Inputs!$B$19 -> 0.73089378 | NF9: =1-NE9 -> 0.26910622 | NG9: =Inputs!$B$20*NF9 -> 0.0080731866 | NH9: =0.8*(1-Inputs!$B$50)*(NE9-NG9) -> 0.0017409915 | NI9: =NE9-NG9-NH9 -> 0.7210796 | NJ9: =NI9*(1-Inputs!$B$18*EXP(-Inputs!$B$21*Inputs!$B$14*Inputs!$B$17/(Inputs!$B$22*Inputs!$B$23*Inputs!$B$24*NC9*Inputs!$B$16))*Inputs!$B$19) -> 0.026386475 | NK9: =(NI9-NJ9)*(1-EXP(-Inputs!$B$25*Inputs!$B$14*Inputs!$B$17*Inputs!$B$26/(NC9*Inputs!$B$16/0.866))) -> 0.0076596041 | NL9: =(NI9-NJ9-NK9)*(1-Inputs!$B$19) -> 0.0034351676 | NM9: =(NF9+NG9+NH9+NJ9+NK9+NL9)*(1+Inputs!$B$27) -> 0.31735085 | NN9: =Inputs!$B$52/(1-NM9-G9) -> 194940.04
A10: Box wing | B10: 56 | C10: 0.2 | D10: =B10*C10 -> 11.2 | E10: =IF(C10=0,1,(1+0.45*C10)/(1.04+2.81*C10)) -> 0.6803995 | F10: =1+Inputs!$B$42*D10 -> 1.056 | G10: =Inputs!$B$31+Inputs!$B$43*(B10/Inputs!$B$32-1)+Inputs!$B$44+Inputs!$B$45*D10 -> 0.51697 | H10: =Inputs!$B$38 -> 0.5 | I10: =Inputs!$B$40 -> 2.4 | J10: =NN10/Inputs!$B$34 -> 322.38558 | K10: =B10^2/J10 -> 9.7274822 | L10: =2*K10 -> 19.454964 | M10: =NC10 -> 19.084897 | N10: =B10/SQRT(E10) -> 67.890035 | O10: =NM10 -> 0.31436551 | P10: =NN10/1000 -> 193.43135 | Q10: =G10*NN10/1000 -> 99.998205 | R10: =NM10*NN10/1000 -> 60.808145 | S10: =NM10*NN10/Inputs!$B$28/1000 -> 81.077526 | T10: =R10/Sweep!$R$5-1 -> -0.027017091 | U10: =R10/SUMIFS(Sweep!$R:$R,Sweep!$A:$A,"Conventional",Sweep!$B:$B,B10)-1 -> -0.24251561 | V10: =2*0.54*(J10/2)^1.5/SQRT(L10)*Inputs!$B$46*Inputs!$B$47 -> 46.853126 | W10: =MIN(1,V10/S10) -> 0.57788055 | X10: =1.23*SQRT(2*Inputs!$B$41*NN10*Inputs!$B$49/(1.225*J10*I10))/0.5144 -> 133.62968 | Y10: =(11000+6341.6*LN(0.36392/(2*Inputs!$B$50*Inputs!$B$18*(1+ND10)/2*Inputs!$B$34*Inputs!$B$49/((Inputs!$B$12*295.07)^2*H10))))/0.3048 -> 38650.563 | Z10: =NN10-MZ10 -> -3.7165591e-08 | AA10: =IF(ABS(NN10-MZ10)<10,"Yes","No") -> Yes | AC10: =Inputs!$B$52/(1-0.3154-G10)/Inputs!$B$34 -> 324.37511 | AD10: =B10^2/AC10 -> 9.6678194 | AE10: =Inputs!$B$54*H10/(Inputs!$B$35*F10+E10*H10^2/(PI()*AD10*Inputs!$B$36)) -> 19.052057 | AF10: =EXP(-Inputs!$B$11*Inputs!$B$14*Inputs!$B$17/(Inputs!$B$51*AE10*Inputs!$B$16)) -> 0.75049362 | AG10: =Inputs!$B$50*Inputs!$B$18*AF10*Inputs!$B$19 -> 0.7333255 | AH10: =1-AG10 -> 0.2666745 | AI10: =Inputs!$B$20*AH10 -> 0.0080002349 | AJ10: =0.8*(1-Inputs!$B$50)*(AG10-AI10) -> 0.0017470242 | AK10: =AG10-AI10-AJ10 -> 0.72357825 | AL10: =AK10*(1-Inputs!$B$18*EXP(-Inputs!$B$21*Inputs!$B$14*Inputs!$B$17/(Inputs!$B$22*Inputs!$B$23*Inputs!$B$24*AE10*Inputs!$B$16))*Inputs!$B$19) -> 0.026341102 | AM10: =(AK10-AL10)*(1-EXP(-Inputs!$B$25*Inputs!$B$14*Inputs!$B$17*Inputs!$B$26/(AE10*Inputs!$B$16/0.866))) -> 0.007600189 | AN10: =(AK10-AL10-AM10)*(1-Inputs!$B$19) -> 0.0034481848 | AO10: =(AH10+AI10+AJ10+AL10+AM10+AN10)*(1+Inputs!$B$27) -> 0.31475266 | AP10: =Inputs!$B$52/(1-AO10-G10) -> 193876.38 | AQ10: =AP10/Inputs!$B$34 -> 323.12729 | AR10: =B10^2/AQ10 -> 9.7051536 | AS10: =Inputs!$B$54*H10/(Inputs!$B$35*F10+E10*H10^2/(PI()*AR10*Inputs!$B$36)) -> 19.072641 | AT10: =EXP(-Inputs!$B$11*Inputs!$B$14*Inputs!$B$17/(Inputs!$B$51*AS10*Inputs!$B$16)) -> 0.75072614 | AU10: =Inputs!$B$50*Inputs!$B$18*AT10*Inputs!$B$19 -> 0.7335527 | AV10: =1-AU10 -> 0.2664473 | AW10: =Inputs!$B$20*AV10 -> 0.0079934189 | AX10: =0.8*(1-Inputs!$B$50)*(AU10-AW10) -> 0.0017475879 | AY10: =AU10-AW10-AX10 -> 0.7238117 | AZ10: =AY10*(1-Inputs!$B$18*EXP(-Inputs!$B$21*Inputs!$B$14*Inputs!$B$17/(Inputs!$B$22*Inputs!$B$23*Inputs!$B$24*AS10*Inputs!$B$16))*Inputs!$B$19) -> 0.026336836 | BA10: =(AY10-AZ10)*(1-EXP(-Inputs!$B$25*Inputs!$B$14*Inputs!$B$17*Inputs!$B$26/(AS10*Inputs!$B$16/0.866))) -> 0.0075946197 | BB10: =(AY10-AZ10-BA10)*(1-Inputs!$B$19) -> 0.0034494012 | BC10: =(AV10+AW10+AX10+AZ10+BA10+BB10)*(1+Inputs!$B$27) -> 0.31450987 | BD10: =Inputs!$B$52/(1-BC10-G10) -> 193597.05 | BE10: =BD10/Inputs!$B$34 -> 322.66175 | BF10: =B10^2/BE10 -> 9.7191565 | BG10: =Inputs!$B$54*H10/(Inputs!$B$35*F10+E10*H10^2/(PI()*BF10*Inputs!$B$36)) -> 19.080332 | BH10: =EXP(-Inputs!$B$11*Inputs!$B$14*Inputs!$B$17/(Inputs!$B$51*BG10*Inputs!$B$16)) -> 0.75081291 | BI10: =Inputs!$B$50*Inputs!$B$18*BH10*Inputs!$B$19 -> 0.73363749 | BJ10: =1-BI10 -> 0.26636251 | BK10: =Inputs!$B$20*BJ10 -> 0.0079908754 | BL10: =0.8*(1-Inputs!$B$50)*(BI10-BK10) -> 0.0017477982 | BM10: =BI10-BK10-BL10 -> 0.72389881 | BN10: =BM10*(1-Inputs!$B$18*EXP(-Inputs!$B$21*Inputs!$B$14*Inputs!$B$17/(Inputs!$B$22*Inputs!$B$23*Inputs!$B$24*BG10*Inputs!$B$16))*Inputs!$B$19) -> 0.026335243 | BO10: =(BM10-BN10)*(1-EXP(-Inputs!$B$25*Inputs!$B$14*Inputs!$B$17*Inputs!$B$26/(BG10*Inputs!$B$16/0.866))) -> 0.0075925406 | BP10: =(BM10-BN10-BO10)*(1-Inputs!$B$19) -> 0.0034498551 | BQ10: =(BJ10+BK10+BL10+BN10+BO10+BP10)*(1+Inputs!$B$27) -> 0.31441926 | BR10: =Inputs!$B$52/(1-BQ10-G10) -> 193493.01 | BS10: =BR10/Inputs!$B$34 -> 322.48836 | BT10: =B10^2/BS10 -> 9.724382 | BU10: =Inputs!$B$54*H10/(Inputs!$B$35*F10+E10*H10^2/(PI()*BT10*Inputs!$B$36)) -> 19.083198 | BV10: =EXP(-Inputs!$B$11*Inputs!$B$14*Inputs!$B$17/(Inputs!$B$51*BU10*Inputs!$B$16)) -> 0.75084523 | BW10: =Inputs!$B$50*Inputs!$B$18*BV10*Inputs!$B$19 -> 0.73366907 | BX10: =1-BW10 -> 0.26633093 | BY10: =Inputs!$B$20*BX10 -> 0.007989928 | BZ10: =0.8*(1-Inputs!$B$50)*(BW10-BY10) -> 0.0017478766 | CA10: =BW10-BY10-BZ10 -> 0.72393126 | CB10: =CA10*(1-Inputs!$B$18*EXP(-Inputs!$B$21*Inputs!$B$14*Inputs!$B$17/(Inputs!$B$22*Inputs!$B$23*Inputs!$B$24*BU10*Inputs!$B$16))*Inputs!$B$19) -> 0.02633465 | CC10: =(CA10-CB10)*(1-EXP(-Inputs!$B$25*Inputs!$B$14*Inputs!$B$17*Inputs!$B$26/(BU10*Inputs!$B$16/0.866))) -> 0.0075917661 | CD10: =(CA10-CB10-CC10)*(1-Inputs!$B$19) -> 0.0034500242 | CE10: =(BX10+BY10+BZ10+CB10+CC10+CD10)*(1+Inputs!$B$27) -> 0.31438551 | CF10: =Inputs!$B$52/(1-CE10-G10) -> 193454.29 | CG10: =CF10/Inputs!$B$34 -> 322.42382 | CH10: =B10^2/CG10 -> 9.7263284 | CI10: =Inputs!$B$54*H10/(Inputs!$B$35*F10+E10*H10^2/(PI()*CH10*Inputs!$B$36)) -> 19.084265 | CJ10: =EXP(-Inputs!$B$11*Inputs!$B$14*Inputs!$B$17/(Inputs!$B$51*CI10*Inputs!$B$16)) -> 0.75085726 | CK10: =Inputs!$B$50*Inputs!$B$18*CJ10*Inputs!$B$19 -> 0.73368082 | CL10: =1-CK10 -> 0.26631918 | CM10: =Inputs!$B$20*CL10 -> 0.0079895754 | CN10: =0.8*(1-Inputs!$B$50)*(CK10-CM10) -> 0.0017479057 | CO10: =CK10-CM10-CN10 -> 0.72394334 | CP10: =CO10*(1-Inputs!$B$18*EXP(-Inputs!$B$21*Inputs!$B$14*Inputs!$B$17/(Inputs!$B$22*Inputs!$B$23*Inputs!$B$24*CI10*Inputs!$B$16))*Inputs!$B$19) -> 0.026334429 | CQ10: =(CO10-CP10)*(1-EXP(-Inputs!$B$25*Inputs!$B$14*Inputs!$B$17*Inputs!$B$26/(CI10*Inputs!$B$16/0.866))) -> 0.0075914779 | CR10: =(CO10-CP10-CQ10)*(1-Inputs!$B$19) -> 0.0034500872 | CS10: =(CL10+CM10+CN10+CP10+CQ10+CR10)*(1+Inputs!$B$27) -> 0.31437295 | CT10: =Inputs!$B$52/(1-CS10-G10) -> 193439.89 | CU10: =CT10/Inputs!$B$34 -> 322.39981 | CV10: =B10^2/CU10 -> 9.7270529 | CW10: =Inputs!$B$54*H10/(Inputs!$B$35*F10+E10*H10^2/(PI()*CV10*Inputs!$B$36)) -> 19.084662 | CX10: =EXP(-Inputs!$B$11*Inputs!$B$14*Inputs!$B$17/(Inputs!$B$51*CW10*Inputs!$B$16)) -> 0.75086173 | CY10: =Inputs!$B$50*Inputs!$B$18*CX10*Inputs!$B$19 -> 0.73368519 | CZ10: =1-CY10 -> 0.26631481 | DA10: =Inputs!$B$20*CZ10 -> 0.0079894442 | DB10: =0.8*(1-Inputs!$B$50)*(CY10-DA10) -> 0.0017479166 | DC10: =CY10-DA10-DB10 -> 0.72394783 | DD10: =DC10*(1-Inputs!$B$18*EXP(-Inputs!$B$21*Inputs!$B$14*Inputs!$B$17/(Inputs!$B$22*Inputs!$B$23*Inputs!$B$24*CW10*Inputs!$B$16))*Inputs!$B$19) -> 0.026334347 | DE10: =(DC10-DD10)*(1-EXP(-Inputs!$B$25*Inputs!$B$14*Inputs!$B$17*Inputs!$B$26/(CW10*Inputs!$B$16/0.866))) -> 0.0075913706 | DF10: =(DC10-DD10-DE10)*(1-Inputs!$B$19) -> 0.0034501106 | DG10: =(CZ10+DA10+DB10+DD10+DE10+DF10)*(1+Inputs!$B$27) -> 0.31436828 | DH10: =Inputs!$B$52/(1-DG10-G10) -> 193434.53 | DI10: =DH10/Inputs!$B$34 -> 322.39088 | DJ10: =B10^2/DI10 -> 9.7273224 | DK10: =Inputs!$B$54*H10/(Inputs!$B$35*F10+E10*H10^2/(PI()*DJ10*Inputs!$B$36)) -> 19.08481 | DL10: =EXP(-Inputs!$B$11*Inputs!$B$14*Inputs!$B$17/(Inputs!$B$51*DK10*Inputs!$B$16)) -> 0.7508634 | DM10: =Inputs!$B$50*Inputs!$B$18*DL10*Inputs!$B$19 -> 0.73368682 | DN10: =1-DM10 -> 0.26631318 | DO10: =Inputs!$B$20*DN10 -> 0.0079893954 | DP10: =0.8*(1-Inputs!$B$50)*(DM10-DO10) -> 0.0017479206 | DQ10: =DM10-DO10-DP10 -> 0.72394951 | DR10: =DQ10*(1-Inputs!$B$18*EXP(-Inputs!$B$21*Inputs!$B$14*Inputs!$B$17/(Inputs!$B$22*Inputs!$B$23*Inputs!$B$24*DK10*Inputs!$B$16))*Inputs!$B$19) -> 0.026334316 | DS10: =(DQ10-DR10)*(1-EXP(-Inputs!$B$25*Inputs!$B$14*Inputs!$B$17*Inputs!$B$26/(DK10*Inputs!$B$16/0.866))) -> 0.0075913307 | DT10: =(DQ10-DR10-DS10)*(1-Inputs!$B$19) -> 0.0034501193 | DU10: =(DN10+DO10+DP10+DR10+DS10+DT10)*(1+Inputs!$B$27) -> 0.31436654 | DV10: =Inputs!$B$52/(1-DU10-G10) -> 193432.53 | DW10: =DV10/Inputs!$B$34 -> 322.38755 | DX10: =B10^2/DW10 -> 9.7274227 | DY10: =Inputs!$B$54*H10/(Inputs!$B$35*F10+E10*H10^2/(PI()*DX10*Inputs!$B$36)) -> 19.084865 | DZ10: =EXP(-Inputs!$B$11*Inputs!$B$14*Inputs!$B$17/(Inputs!$B$51*DY10*Inputs!$B$16)) -> 0.75086402 | EA10: =Inputs!$B$50*Inputs!$B$18*DZ10*Inputs!$B$19 -> 0.73368743 | EB10: =1-EA10 -> 0.26631257 | EC10: =Inputs!$B$20*EB10 -> 0.0079893772 | ED10: =0.8*(1-Inputs!$B$50)*(EA10-EC10) -> 0.0017479221 | EE10: =EA10-EC10-ED10 -> 0.72395013 | EF10: =EE10*(1-Inputs!$B$18*EXP(-Inputs!$B$21*Inputs!$B$14*Inputs!$B$17/(Inputs!$B$22*Inputs!$B$23*Inputs!$B$24*DY10*Inputs!$B$16))*Inputs!$B$19) -> 0.026334305 | EG10: =(EE10-EF10)*(1-EXP(-Inputs!$B$25*Inputs!$B$14*Inputs!$B$17*Inputs!$B$26/(DY10*Inputs!$B$16/0.866))) -> 0.0075913158 | EH10: =(EE10-EF10-EG10)*(1-Inputs!$B$19) -> 0.0034501225 | EI10: =(EB10+EC10+ED10+EF10+EG10+EH10)*(1+Inputs!$B$27) -> 0.31436589 | EJ10: =Inputs!$B$52/(1-EI10-G10) -> 193431.79 | EK10: =EJ10/Inputs!$B$34 -> 322.38631 | EL10: =B10^2/EK10 -> 9.7274601 | EM10: =Inputs!$B$54*H10/(Inputs!$B$35*F10+E10*H10^2/(PI()*EL10*Inputs!$B$36)) -> 19.084885 | EN10: =EXP(-Inputs!$B$11*Inputs!$B$14*Inputs!$B$17/(Inputs!$B$51*EM10*Inputs!$B$16)) -> 0.75086425 | EO10: =Inputs!$B$50*Inputs!$B$18*EN10*Inputs!$B$19 -> 0.73368765 | EP10: =1-EO10 -> 0.26631235 | EQ10: =Inputs!$B$20*EP10 -> 0.0079893704 | ER10: =0.8*(1-Inputs!$B$50)*(EO10-EQ10) -> 0.0017479227 | ES10: =EO10-EQ10-ER10 -> 0.72395036 | ET10: =ES10*(1-Inputs!$B$18*EXP(-Inputs!$B$21*Inputs!$B$14*Inputs!$B$17/(Inputs!$B$22*Inputs!$B$23*Inputs!$B$24*EM10*Inputs!$B$16))*Inputs!$B$19) -> 0.0263343 | EU10: =(ES10-ET10)*(1-EXP(-Inputs!$B$25*Inputs!$B$14*Inputs!$B$17*Inputs!$B$26/(EM10*Inputs!$B$16/0.866))) -> 0.0075913103 | EV10: =(ES10-ET10-EU10)*(1-Inputs!$B$19) -> 0.0034501237 | EW10: =(EP10+EQ10+ER10+ET10+EU10+EV10)*(1+Inputs!$B$27) -> 0.31436565 | EX10: =Inputs!$B$52/(1-EW10-G10) -> 193431.51 | EY10: =EX10/Inputs!$B$34 -> 322.38585 | EZ10: =B10^2/EY10 -> 9.7274739 | FA10: =Inputs!$B$54*H10/(Inputs!$B$35*F10+E10*H10^2/(PI()*EZ10*Inputs!$B$36)) -> 19.084893 | FB10: =EXP(-Inputs!$B$11*Inputs!$B$14*Inputs!$B$17/(Inputs!$B$51*FA10*Inputs!$B$16)) -> 0.75086434 | FC10: =Inputs!$B$50*Inputs!$B$18*FB10*Inputs!$B$19 -> 0.73368774 | FD10: =1-FC10 -> 0.26631226 | FE10: =Inputs!$B$20*FD10 -> 0.0079893679 | FF10: =0.8*(1-Inputs!$B$50)*(FC10-FE10) -> 0.0017479229 | FG10: =FC10-FE10-FF10 -> 0.72395044 | FH10: =FG10*(1-Inputs!$B$18*EXP(-Inputs!$B$21*Inputs!$B$14*Inputs!$B$17/(Inputs!$B$22*Inputs!$B$23*Inputs!$B$24*FA10*Inputs!$B$16))*Inputs!$B$19) -> 0.026334299 | FI10: =(FG10-FH10)*(1-EXP(-Inputs!$B$25*Inputs!$B$14*Inputs!$B$17*Inputs!$B$26/(FA10*Inputs!$B$16/0.866))) -> 0.0075913082 | FJ10: =(FG10-FH10-FI10)*(1-Inputs!$B$19) -> 0.0034501242 | FK10: =(FD10+FE10+FF10+FH10+FI10+FJ10)*(1+Inputs!$B$27) -> 0.31436556 | FL10: =Inputs!$B$52/(1-FK10-G10) -> 193431.41 | FM10: =FL10/Inputs!$B$34 -> 322.38568 | FN10: =B10^2/FM10 -> 9.7274791 | FO10: =Inputs!$B$54*H10/(Inputs!$B$35*F10+E10*H10^2/(PI()*FN10*Inputs!$B$36)) -> 19.084896 | FP10: =EXP(-Inputs!$B$11*Inputs!$B$14*Inputs!$B$17/(Inputs!$B$51*FO10*Inputs!$B$16)) -> 0.75086437 | FQ10: =Inputs!$B$50*Inputs!$B$18*FP10*Inputs!$B$19 -> 0.73368777 | FR10: =1-FQ10 -> 0.26631223 | FS10: =Inputs!$B$20*FR10 -> 0.007989367 | FT10: =0.8*(1-Inputs!$B$50)*(FQ10-FS10) -> 0.001747923 | FU10: =FQ10-FS10-FT10 -> 0.72395048 | FV10: =FU10*(1-Inputs!$B$18*EXP(-Inputs!$B$21*Inputs!$B$14*Inputs!$B$17/(Inputs!$B$22*Inputs!$B$23*Inputs!$B$24*FO10*Inputs!$B$16))*Inputs!$B$19) -> 0.026334298 | FW10: =(FU10-FV10)*(1-EXP(-Inputs!$B$25*Inputs!$B$14*Inputs!$B$17*Inputs!$B$26/(FO10*Inputs!$B$16/0.866))) -> 0.0075913075 | FX10: =(FU10-FV10-FW10)*(1-Inputs!$B$19) -> 0.0034501244 | FY10: =(FR10+FS10+FT10+FV10+FW10+FX10)*(1+Inputs!$B$27) -> 0.31436553 | FZ10: =Inputs!$B$52/(1-FY10-G10) -> 193431.37 | GA10: =FZ10/Inputs!$B$34 -> 322.38562 | GB10: =B10^2/GA10 -> 9.727481 | GC10: =Inputs!$B$54*H10/(Inputs!$B$35*F10+E10*H10^2/(PI()*GB10*Inputs!$B$36)) -> 19.084897 | GD10: =EXP(-Inputs!$B$11*Inputs!$B$14*Inputs!$B$17/(Inputs!$B$51*GC10*Inputs!$B$16)) -> 0.75086438 | GE10: =Inputs!$B$50*Inputs!$B$18*GD10*Inputs!$B$19 -> 0.73368778 | GF10: =1-GE10 -> 0.26631222 | GG10: =Inputs!$B$20*GF10 -> 0.0079893666 | GH10: =0.8*(1-Inputs!$B$50)*(GE10-GG10) -> 0.001747923 | GI10: =GE10-GG10-GH10 -> 0.72395049 | GJ10: =GI10*(1-Inputs!$B$18*EXP(-Inputs!$B$21*Inputs!$B$14*Inputs!$B$17/(Inputs!$B$22*Inputs!$B$23*Inputs!$B$24*GC10*Inputs!$B$16))*Inputs!$B$19) -> 0.026334298 | GK10: =(GI10-GJ10)*(1-EXP(-Inputs!$B$25*Inputs!$B$14*Inputs!$B$17*Inputs!$B$26/(GC10*Inputs!$B$16/0.866))) -> 0.0075913072 | GL10: =(GI10-GJ10-GK10)*(1-Inputs!$B$19) -> 0.0034501244 | GM10: =(GF10+GG10+GH10+GJ10+GK10+GL10)*(1+Inputs!$B$27) -> 0.31436552 | GN10: =Inputs!$B$52/(1-GM10-G10) -> 193431.36 | GO10: =GN10/Inputs!$B$34 -> 322.3856 | GP10: =B10^2/GO10 -> 9.7274817 | GQ10: =Inputs!$B$54*H10/(Inputs!$B$35*F10+E10*H10^2/(PI()*GP10*Inputs!$B$36)) -> 19.084897 | GR10: =EXP(-Inputs!$B$11*Inputs!$B$14*Inputs!$B$17/(Inputs!$B$51*GQ10*Inputs!$B$16)) -> 0.75086438 | GS10: =Inputs!$B$50*Inputs!$B$18*GR10*Inputs!$B$19 -> 0.73368778 | GT10: =1-GS10 -> 0.26631222 | GU10: =Inputs!$B$20*GT10 -> 0.0079893665 | GV10: =0.8*(1-Inputs!$B$50)*(GS10-GU10) -> 0.001747923 | GW10: =GS10-GU10-GV10 -> 0.72395049 | GX10: =GW10*(1-Inputs!$B$18*EXP(-Inputs!$B$21*Inputs!$B$14*Inputs!$B$17/(Inputs!$B$22*Inputs!$B$23*Inputs!$B$24*GQ10*Inputs!$B$16))*Inputs!$B$19) -> 0.026334298 | GY10: =(GW10-GX10)*(1-EXP(-Inputs!$B$25*Inputs!$B$14*Inputs!$B$17*Inputs!$B$26/(GQ10*Inputs!$B$16/0.866))) -> 0.0075913071 | GZ10: =(GW10-GX10-GY10)*(1-Inputs!$B$19) -> 0.0034501244 | HA10: =(GT10+GU10+GV10+GX10+GY10+GZ10)*(1+Inputs!$B$27) -> 0.31436551 | HB10: =Inputs!$B$52/(1-HA10-G10) -> 193431.35 | HC10: =HB10/Inputs!$B$34 -> 322.38559 | HD10: =B10^2/HC10 -> 9.727482 | HE10: =Inputs!$B$54*H10/(Inputs!$B$35*F10+E10*H10^2/(PI()*HD10*Inputs!$B$36)) -> 19.084897 | HF10: =EXP(-Inputs!$B$11*Inputs!$B$14*Inputs!$B$17/(Inputs!$B$51*HE10*Inputs!$B$16)) -> 0.75086439 | HG10: =Inputs!$B$50*Inputs!$B$18*HF10*Inputs!$B$19 -> 0.73368778 | HH10: =1-HG10 -> 0.26631222 | HI10: =Inputs!$B$20*HH10 -> 0.0079893665 | HJ10: =0.8*(1-Inputs!$B$50)*(HG10-HI10) -> 0.001747923 | HK10: =HG10-HI10-HJ10 -> 0.72395049 | HL10: =HK10*(1-Inputs!$B$18*EXP(-Inputs!$B$21*Inputs!$B$14*Inputs!$B$17/(Inputs!$B$22*Inputs!$B$23*Inputs!$B$24*HE10*Inputs!$B$16))*Inputs!$B$19) -> 0.026334298 | HM10: =(HK10-HL10)*(1-EXP(-Inputs!$B$25*Inputs!$B$14*Inputs!$B$17*Inputs!$B$26/(HE10*Inputs!$B$16/0.866))) -> 0.007591307 | HN10: =(HK10-HL10-HM10)*(1-Inputs!$B$19) -> 0.0034501244 | HO10: =(HH10+HI10+HJ10+HL10+HM10+HN10)*(1+Inputs!$B$27) -> 0.31436551 | HP10: =Inputs!$B$52/(1-HO10-G10) -> 193431.35 | HQ10: =HP10/Inputs!$B$34 -> 322.38558 | HR10: =B10^2/HQ10 -> 9.7274821 | HS10: =Inputs!$B$54*H10/(Inputs!$B$35*F10+E10*H10^2/(PI()*HR10*Inputs!$B$36)) -> 19.084897 | HT10: =EXP(-Inputs!$B$11*Inputs!$B$14*Inputs!$B$17/(Inputs!$B$51*HS10*Inputs!$B$16)) -> 0.75086439 | HU10: =Inputs!$B$50*Inputs!$B$18*HT10*Inputs!$B$19 -> 0.73368778 | HV10: =1-HU10 -> 0.26631222 | HW10: =Inputs!$B$20*HV10 -> 0.0079893665 | HX10: =0.8*(1-Inputs!$B$50)*(HU10-HW10) -> 0.001747923 | HY10: =HU10-HW10-HX10 -> 0.7239505 | HZ10: =HY10*(1-Inputs!$B$18*EXP(-Inputs!$B$21*Inputs!$B$14*Inputs!$B$17/(Inputs!$B$22*Inputs!$B$23*Inputs!$B$24*HS10*Inputs!$B$16))*Inputs!$B$19) -> 0.026334298 | IA10: =(HY10-HZ10)*(1-EXP(-Inputs!$B$25*Inputs!$B$14*Inputs!$B$17*Inputs!$B$26/(HS10*Inputs!$B$16/0.866))) -> 0.007591307 | IB10: =(HY10-HZ10-IA10)*(1-Inputs!$B$19) -> 0.0034501245 | IC10: =(HV10+HW10+HX10+HZ10+IA10+IB10)*(1+Inputs!$B$27) -> 0.31436551 | ID10: =Inputs!$B$52/(1-IC10-G10) -> 193431.35 | IE10: =ID10/Inputs!$B$34 -> 322.38558 | IF10: =B10^2/IE10 -> 9.7274821 | IG10: =Inputs!$B$54*H10/(Inputs!$B$35*F10+E10*H10^2/(PI()*IF10*Inputs!$B$36)) -> 19.084897 | IH10: =EXP(-Inputs!$B$11*Inputs!$B$14*Inputs!$B$17/(Inputs!$B$51*IG10*Inputs!$B$16)) -> 0.75086439 | II10: =Inputs!$B$50*Inputs!$B$18*IH10*Inputs!$B$19 -> 0.73368779 | IJ10: =1-II10 -> 0.26631221 | IK10: =Inputs!$B$20*IJ10 -> 0.0079893664 | IL10: =0.8*(1-Inputs!$B$50)*(II10-IK10) -> 0.001747923 | IM10: =II10-IK10-IL10 -> 0.7239505 | IN10: =IM10*(1-Inputs!$B$18*EXP(-Inputs!$B$21*Inputs!$B$14*Inputs!$B$17/(Inputs!$B$22*Inputs!$B$23*Inputs!$B$24*IG10*Inputs!$B$16))*Inputs!$B$19) -> 0.026334298 | IO10: =(IM10-IN10)*(1-EXP(-Inputs!$B$25*Inputs!$B$14*Inputs!$B$17*Inputs!$B$26/(IG10*Inputs!$B$16/0.866))) -> 0.007591307 | IP10: =(IM10-IN10-IO10)*(1-Inputs!$B$19) -> 0.0034501245 | IQ10: =(IJ10+IK10+IL10+IN10+IO10+IP10)*(1+Inputs!$B$27) -> 0.31436551 | IR10: =Inputs!$B$52/(1-IQ10-G10) -> 193431.35 | IS10: =IR10/Inputs!$B$34 -> 322.38558 | IT10: =B10^2/IS10 -> 9.7274822 | IU10: =Inputs!$B$54*H10/(Inputs!$B$35*F10+E10*H10^2/(PI()*IT10*Inputs!$B$36)) -> 19.084897 | IV10: =EXP(-Inputs!$B$11*Inputs!$B$14*Inputs!$B$17/(Inputs!$B$51*IU10*Inputs!$B$16)) -> 0.75086439 | IW10: =Inputs!$B$50*Inputs!$B$18*IV10*Inputs!$B$19 -> 0.73368779 | IX10: =1-IW10 -> 0.26631221 | IY10: =Inputs!$B$20*IX10 -> 0.0079893664 | IZ10: =0.8*(1-Inputs!$B$50)*(IW10-IY10) -> 0.001747923 | JA10: =IW10-IY10-IZ10 -> 0.7239505 | JB10: =JA10*(1-Inputs!$B$18*EXP(-Inputs!$B$21*Inputs!$B$14*Inputs!$B$17/(Inputs!$B$22*Inputs!$B$23*Inputs!$B$24*IU10*Inputs!$B$16))*Inputs!$B$19) -> 0.026334298 | JC10: =(JA10-JB10)*(1-EXP(-Inputs!$B$25*Inputs!$B$14*Inputs!$B$17*Inputs!$B$26/(IU10*Inputs!$B$16/0.866))) -> 0.007591307 | JD10: =(JA10-JB10-JC10)*(1-Inputs!$B$19) -> 0.0034501245 | JE10: =(IX10+IY10+IZ10+JB10+JC10+JD10)*(1+Inputs!$B$27) -> 0.31436551 | JF10: =Inputs!$B$52/(1-JE10-G10) -> 193431.35 | JG10: =JF10/Inputs!$B$34 -> 322.38558 | JH10: =B10^2/JG10 -> 9.7274822 | JI10: =Inputs!$B$54*H10/(Inputs!$B$35*F10+E10*H10^2/(PI()*JH10*Inputs!$B$36)) -> 19.084897 | JJ10: =EXP(-Inputs!$B$11*Inputs!$B$14*Inputs!$B$17/(Inputs!$B$51*JI10*Inputs!$B$16)) -> 0.75086439 | JK10: =Inputs!$B$50*Inputs!$B$18*JJ10*Inputs!$B$19 -> 0.73368779 | JL10: =1-JK10 -> 0.26631221 | JM10: =Inputs!$B$20*JL10 -> 0.0079893664 | JN10: =0.8*(1-Inputs!$B$50)*(JK10-JM10) -> 0.001747923 | JO10: =JK10-JM10-JN10 -> 0.7239505 | JP10: =JO10*(1-Inputs!$B$18*EXP(-Inputs!$B$21*Inputs!$B$14*Inputs!$B$17/(Inputs!$B$22*Inputs!$B$23*Inputs!$B$24*JI10*Inputs!$B$16))*Inputs!$B$19) -> 0.026334298 | JQ10: =(JO10-JP10)*(1-EXP(-Inputs!$B$25*Inputs!$B$14*Inputs!$B$17*Inputs!$B$26/(JI10*Inputs!$B$16/0.866))) -> 0.007591307 | JR10: =(JO10-JP10-JQ10)*(1-Inputs!$B$19) -> 0.0034501245 | JS10: =(JL10+JM10+JN10+JP10+JQ10+JR10)*(1+Inputs!$B$27) -> 0.31436551 | JT10: =Inputs!$B$52/(1-JS10-G10) -> 193431.35 | JU10: =JT10/Inputs!$B$34 -> 322.38558 | JV10: =B10^2/JU10 -> 9.7274822 | JW10: =Inputs!$B$54*H10/(Inputs!$B$35*F10+E10*H10^2/(PI()*JV10*Inputs!$B$36)) -> 19.084897 | JX10: =EXP(-Inputs!$B$11*Inputs!$B$14*Inputs!$B$17/(Inputs!$B$51*JW10*Inputs!$B$16)) -> 0.75086439 | JY10: =Inputs!$B$50*Inputs!$B$18*JX10*Inputs!$B$19 -> 0.73368779 | JZ10: =1-JY10 -> 0.26631221 | KA10: =Inputs!$B$20*JZ10 -> 0.0079893664 | KB10: =0.8*(1-Inputs!$B$50)*(JY10-KA10) -> 0.001747923 | KC10: =JY10-KA10-KB10 -> 0.7239505 | KD10: =KC10*(1-Inputs!$B$18*EXP(-Inputs!$B$21*Inputs!$B$14*Inputs!$B$17/(Inputs!$B$22*Inputs!$B$23*Inputs!$B$24*JW10*Inputs!$B$16))*Inputs!$B$19) -> 0.026334298 | KE10: =(KC10-KD10)*(1-EXP(-Inputs!$B$25*Inputs!$B$14*Inputs!$B$17*Inputs!$B$26/(JW10*Inputs!$B$16/0.866))) -> 0.007591307 | KF10: =(KC10-KD10-KE10)*(1-Inputs!$B$19) -> 0.0034501245 | KG10: =(JZ10+KA10+KB10+KD10+KE10+KF10)*(1+Inputs!$B$27) -> 0.31436551 | KH10: =Inputs!$B$52/(1-KG10-G10) -> 193431.35 | KI10: =KH10/Inputs!$B$34 -> 322.38558 | KJ10: =B10^2/KI10 -> 9.7274822 | KK10: =Inputs!$B$54*H10/(Inputs!$B$35*F10+E10*H10^2/(PI()*KJ10*Inputs!$B$36)) -> 19.084897 | KL10: =EXP(-Inputs!$B$11*Inputs!$B$14*Inputs!$B$17/(Inputs!$B$51*KK10*Inputs!$B$16)) -> 0.75086439 | KM10: =Inputs!$B$50*Inputs!$B$18*KL10*Inputs!$B$19 -> 0.73368779 | KN10: =1-KM10 -> 0.26631221 | KO10: =Inputs!$B$20*KN10 -> 0.0079893664 | KP10: =0.8*(1-Inputs!$B$50)*(KM10-KO10) -> 0.001747923 | KQ10: =KM10-KO10-KP10 -> 0.7239505 | KR10: =KQ10*(1-Inputs!$B$18*EXP(-Inputs!$B$21*Inputs!$B$14*Inputs!$B$17/(Inputs!$B$22*Inputs!$B$23*Inputs!$B$24*KK10*Inputs!$B$16))*Inputs!$B$19) -> 0.026334298 | KS10: =(KQ10-KR10)*(1-EXP(-Inputs!$B$25*Inputs!$B$14*Inputs!$B$17*Inputs!$B$26/(KK10*Inputs!$B$16/0.866))) -> 0.007591307 | KT10: =(KQ10-KR10-KS10)*(1-Inputs!$B$19) -> 0.0034501245 | KU10: =(KN10+KO10+KP10+KR10+KS10+KT10)*(1+Inputs!$B$27) -> 0.31436551 | KV10: =Inputs!$B$52/(1-KU10-G10) -> 193431.35 | KW10: =KV10/Inputs!$B$34 -> 322.38558 | KX10: =B10^2/KW10 -> 9.7274822 | KY10: =Inputs!$B$54*H10/(Inputs!$B$35*F10+E10*H10^2/(PI()*KX10*Inputs!$B$36)) -> 19.084897 | KZ10: =EXP(-Inputs!$B$11*Inputs!$B$14*Inputs!$B$17/(Inputs!$B$51*KY10*Inputs!$B$16)) -> 0.75086439 | LA10: =Inputs!$B$50*Inputs!$B$18*KZ10*Inputs!$B$19 -> 0.73368779 | LB10: =1-LA10 -> 0.26631221 | LC10: =Inputs!$B$20*LB10 -> 0.0079893664 | LD10: =0.8*(1-Inputs!$B$50)*(LA10-LC10) -> 0.001747923 | LE10: =LA10-LC10-LD10 -> 0.7239505 | LF10: =LE10*(1-Inputs!$B$18*EXP(-Inputs!$B$21*Inputs!$B$14*Inputs!$B$17/(Inputs!$B$22*Inputs!$B$23*Inputs!$B$24*KY10*Inputs!$B$16))*Inputs!$B$19) -> 0.026334298 | LG10: =(LE10-LF10)*(1-EXP(-Inputs!$B$25*Inputs!$B$14*Inputs!$B$17*Inputs!$B$26/(KY10*Inputs!$B$16/0.866))) -> 0.007591307 | LH10: =(LE10-LF10-LG10)*(1-Inputs!$B$19) -> 0.0034501245 | LI10: =(LB10+LC10+LD10+LF10+LG10+LH10)*(1+Inputs!$B$27) -> 0.31436551 | LJ10: =Inputs!$B$52/(1-LI10-G10) -> 193431.35 | LK10: =LJ10/Inputs!$B$34 -> 322.38558 | LL10: =B10^2/LK10 -> 9.7274822 | LM10: =Inputs!$B$54*H10/(Inputs!$B$35*F10+E10*H10^2/(PI()*LL10*Inputs!$B$36)) -> 19.084897 | LN10: =EXP(-Inputs!$B$11*Inputs!$B$14*Inputs!$B$17/(Inputs!$B$51*LM10*Inputs!$B$16)) -> 0.75086439 | LO10: =Inputs!$B$50*Inputs!$B$18*LN10*Inputs!$B$19 -> 0.73368779 | LP10: =1-LO10 -> 0.26631221 | LQ10: =Inputs!$B$20*LP10 -> 0.0079893664 | LR10: =0.8*(1-Inputs!$B$50)*(LO10-LQ10) -> 0.001747923 | LS10: =LO10-LQ10-LR10 -> 0.7239505 | LT10: =LS10*(1-Inputs!$B$18*EXP(-Inputs!$B$21*Inputs!$B$14*Inputs!$B$17/(Inputs!$B$22*Inputs!$B$23*Inputs!$B$24*LM10*Inputs!$B$16))*Inputs!$B$19) -> 0.026334298 | LU10: =(LS10-LT10)*(1-EXP(-Inputs!$B$25*Inputs!$B$14*Inputs!$B$17*Inputs!$B$26/(LM10*Inputs!$B$16/0.866))) -> 0.007591307 | LV10: =(LS10-LT10-LU10)*(1-Inputs!$B$19) -> 0.0034501245 | LW10: =(LP10+LQ10+LR10+LT10+LU10+LV10)*(1+Inputs!$B$27) -> 0.31436551 | LX10: =Inputs!$B$52/(1-LW10-G10) -> 193431.35 | LY10: =LX10/Inputs!$B$34 -> 322.38558 | LZ10: =B10^2/LY10 -> 9.7274822 | MA10: =Inputs!$B$54*H10/(Inputs!$B$35*F10+E10*H10^2/(PI()*LZ10*Inputs!$B$36)) -> 19.084897 | MB10: =EXP(-Inputs!$B$11*Inputs!$B$14*Inputs!$B$17/(Inputs!$B$51*MA10*Inputs!$B$16)) -> 0.75086439 | MC10: =Inputs!$B$50*Inputs!$B$18*MB10*Inputs!$B$19 -> 0.73368779 | MD10: =1-MC10 -> 0.26631221 | ME10: =Inputs!$B$20*MD10 -> 0.0079893664 | MF10: =0.8*(1-Inputs!$B$50)*(MC10-ME10) -> 0.001747923 | MG10: =MC10-ME10-MF10 -> 0.7239505 | MH10: =MG10*(1-Inputs!$B$18*EXP(-Inputs!$B$21*Inputs!$B$14*Inputs!$B$17/(Inputs!$B$22*Inputs!$B$23*Inputs!$B$24*MA10*Inputs!$B$16))*Inputs!$B$19) -> 0.026334298 | MI10: =(MG10-MH10)*(1-EXP(-Inputs!$B$25*Inputs!$B$14*Inputs!$B$17*Inputs!$B$26/(MA10*Inputs!$B$16/0.866))) -> 0.007591307 | MJ10: =(MG10-MH10-MI10)*(1-Inputs!$B$19) -> 0.0034501245 | MK10: =(MD10+ME10+MF10+MH10+MI10+MJ10)*(1+Inputs!$B$27) -> 0.31436551 | ML10: =Inputs!$B$52/(1-MK10-G10) -> 193431.35 | MM10: =ML10/Inputs!$B$34 -> 322.38558 | MN10: =B10^2/MM10 -> 9.7274822 | MO10: =Inputs!$B$54*H10/(Inputs!$B$35*F10+E10*H10^2/(PI()*MN10*Inputs!$B$36)) -> 19.084897 | MP10: =EXP(-Inputs!$B$11*Inputs!$B$14*Inputs!$B$17/(Inputs!$B$51*MO10*Inputs!$B$16)) -> 0.75086439 | MQ10: =Inputs!$B$50*Inputs!$B$18*MP10*Inputs!$B$19 -> 0.73368779 | MR10: =1-MQ10 -> 0.26631221 | MS10: =Inputs!$B$20*MR10 -> 0.0079893664 | MT10: =0.8*(1-Inputs!$B$50)*(MQ10-MS10) -> 0.001747923 | MU10: =MQ10-MS10-MT10 -> 0.7239505 | MV10: =MU10*(1-Inputs!$B$18*EXP(-Inputs!$B$21*Inputs!$B$14*Inputs!$B$17/(Inputs!$B$22*Inputs!$B$23*Inputs!$B$24*MO10*Inputs!$B$16))*Inputs!$B$19) -> 0.026334298 | MW10: =(MU10-MV10)*(1-EXP(-Inputs!$B$25*Inputs!$B$14*Inputs!$B$17*Inputs!$B$26/(MO10*Inputs!$B$16/0.866))) -> 0.007591307 | MX10: =(MU10-MV10-MW10)*(1-Inputs!$B$19) -> 0.0034501245 | MY10: =(MR10+MS10+MT10+MV10+MW10+MX10)*(1+Inputs!$B$27) -> 0.31436551 | MZ10: =Inputs!$B$52/(1-MY10-G10) -> 193431.35 | NA10: =MZ10/Inputs!$B$34 -> 322.38558 | NB10: =B10^2/NA10 -> 9.7274822 | NC10: =Inputs!$B$54*H10/(Inputs!$B$35*F10+E10*H10^2/(PI()*NB10*Inputs!$B$36)) -> 19.084897 | ND10: =EXP(-Inputs!$B$11*Inputs!$B$14*Inputs!$B$17/(Inputs!$B$51*NC10*Inputs!$B$16)) -> 0.75086439 | NE10: =Inputs!$B$50*Inputs!$B$18*ND10*Inputs!$B$19 -> 0.73368779 | NF10: =1-NE10 -> 0.26631221 | NG10: =Inputs!$B$20*NF10 -> 0.0079893664 | NH10: =0.8*(1-Inputs!$B$50)*(NE10-NG10) -> 0.001747923 | NI10: =NE10-NG10-NH10 -> 0.7239505 | NJ10: =NI10*(1-Inputs!$B$18*EXP(-Inputs!$B$21*Inputs!$B$14*Inputs!$B$17/(Inputs!$B$22*Inputs!$B$23*Inputs!$B$24*NC10*Inputs!$B$16))*Inputs!$B$19) -> 0.026334298 | NK10: =(NI10-NJ10)*(1-EXP(-Inputs!$B$25*Inputs!$B$14*Inputs!$B$17*Inputs!$B$26/(NC10*Inputs!$B$16/0.866))) -> 0.007591307 | NL10: =(NI10-NJ10-NK10)*(1-Inputs!$B$19) -> 0.0034501245 | NM10: =(NF10+NG10+NH10+NJ10+NK10+NL10)*(1+Inputs!$B$27) -> 0.31436551 | NN10: =Inputs!$B$52/(1-NM10-G10) -> 193431.35
A11: Box wing | B11: 56 | C11: 0.25 | D11: =B11*C11 -> 14 | E11: =IF(C11=0,1,(1+0.45*C11)/(1.04+2.81*C11)) -> 0.6384505 | F11: =1+Inputs!$B$42*D11 -> 1.07 | G11: =Inputs!$B$31+Inputs!$B$43*(B11/Inputs!$B$32-1)+Inputs!$B$44+Inputs!$B$45*D11 -> 0.51865 | H11: =Inputs!$B$38 -> 0.5 | I11: =Inputs!$B$40 -> 2.4 | J11: =NN11/Inputs!$B$34 -> 322.25507 | K11: =B11^2/J11 -> 9.7314219 | L11: =2*K11 -> 19.462844 | M11: =NC11 -> 19.234394 | N11: =B11/SQRT(E11) -> 70.084892 | O11: =NM11 -> 0.3126172 | P11: =NN11/1000 -> 193.35304 | Q11: =G11*NN11/1000 -> 100.28255 | R11: =NM11*NN11/1000 -> 60.445485 | S11: =NM11*NN11/Inputs!$B$28/1000 -> 80.59398 | T11: =R11/Sweep!$R$5-1 -> -0.032819953 | U11: =R11/SUMIFS(Sweep!$R:$R,Sweep!$A:$A,"Conventional",Sweep!$B:$B,B11)-1 -> -0.24703324 | V11: =2*0.54*(J11/2)^1.5/SQRT(L11)*Inputs!$B$46*Inputs!$B$47 -> 46.815197 | W11: =MIN(1,V11/S11) -> 0.58087709 | X11: =1.23*SQRT(2*Inputs!$B$41*NN11*Inputs!$B$49/(1.225*J11*I11))/0.5144 -> 133.62968 | Y11: =(11000+6341.6*LN(0.36392/(2*Inputs!$B$50*Inputs!$B$18*(1+ND11)/2*Inputs!$B$34*Inputs!$B$49/((Inputs!$B$12*295.07)^2*H11))))/0.3048 -> 38630.679 | Z11: =NN11-MZ11 -> -2.3777829e-08 | AA11: =IF(ABS(NN11-MZ11)<10,"Yes","No") -> Yes | AC11: =Inputs!$B$52/(1-0.3154-G11)/Inputs!$B$34 -> 327.65893 | AD11: =B11^2/AC11 -> 9.5709278 | AE11: =Inputs!$B$54*H11/(Inputs!$B$35*F11+E11*H11^2/(PI()*AD11*Inputs!$B$36)) -> 19.149606 | AF11: =EXP(-Inputs!$B$11*Inputs!$B$14*Inputs!$B$17/(Inputs!$B$51*AE11*Inputs!$B$16)) -> 0.75159174 | AG11: =Inputs!$B$50*Inputs!$B$18*AF11*Inputs!$B$19 -> 0.7343985 | AH11: =1-AG11 -> 0.2656015 | AI11: =Inputs!$B$20*AH11 -> 0.007968045 | AJ11: =0.8*(1-Inputs!$B$50)*(AG11-AI11) -> 0.0017496862 | AK11: =AG11-AI11-AJ11 -> 0.72468077 | AL11: =AK11*(1-Inputs!$B$18*EXP(-Inputs!$B$21*Inputs!$B$14*Inputs!$B$17/(Inputs!$B$22*Inputs!$B$23*Inputs!$B$24*AE11*Inputs!$B$16))*Inputs!$B$19) -> 0.026320917 | AM11: =(AK11-AL11)*(1-EXP(-Inputs!$B$25*Inputs!$B$14*Inputs!$B$17*Inputs!$B$26/(AE11*Inputs!$B$16/0.866))) -> 0.0075738598 | AN11: =(AK11-AL11-AM11)*(1-Inputs!$B$19) -> 0.00345393 | AO11: =(AH11+AI11+AJ11+AL11+AM11+AN11)*(1+Inputs!$B$27) -> 0.31360594 | AP11: =Inputs!$B$52/(1-AO11-G11) -> 194492.73 | AQ11: =AP11/Inputs!$B$34 -> 324.15455 | AR11: =B11^2/AQ11 -> 9.6743975 | AS11: =Inputs!$B$54*H11/(Inputs!$B$35*F11+E11*H11^2/(PI()*AR11*Inputs!$B$36)) -> 19.204505 | AT11: =EXP(-Inputs!$B$11*Inputs!$B$14*Inputs!$B$17/(Inputs!$B$51*AS11*Inputs!$B$16)) -> 0.75220554 | AU11: =Inputs!$B$50*Inputs!$B$18*AT11*Inputs!$B$19 -> 0.73499825 | AV11: =1-AU11 -> 0.26500175 | AW11: =Inputs!$B$20*AV11 -> 0.0079500524 | AX11: =0.8*(1-Inputs!$B$50)*(AU11-AW11) -> 0.0017511741 | AY11: =AU11-AW11-AX11 -> 0.72529703 | AZ11: =AY11*(1-Inputs!$B$18*EXP(-Inputs!$B$21*Inputs!$B$14*Inputs!$B$17/(Inputs!$B$22*Inputs!$B$23*Inputs!$B$24*AS11*Inputs!$B$16))*Inputs!$B$19) -> 0.02630959 | BA11: =(AY11-AZ11)*(1-EXP(-Inputs!$B$25*Inputs!$B$14*Inputs!$B$17*Inputs!$B$26/(AS11*Inputs!$B$16/0.866))) -> 0.0075591131 | BB11: =(AY11-AZ11-BA11)*(1-Inputs!$B$19) -> 0.0034571416 | BC11: =(AV11+AW11+AX11+AZ11+BA11+BB11)*(1+Inputs!$B$27) -> 0.3129649 | BD11: =Inputs!$B$52/(1-BC11-G11) -> 193752.3 | BE11: =BD11/Inputs!$B$34 -> 322.9205 | BF11: =B11^2/BE11 -> 9.7113685 | BG11: =Inputs!$B$54*H11/(Inputs!$B$35*F11+E11*H11^2/(PI()*BF11*Inputs!$B$36)) -> 19.223913 | BH11: =EXP(-Inputs!$B$11*Inputs!$B$14*Inputs!$B$17/(Inputs!$B$51*BG11*Inputs!$B$16)) -> 0.7524218 | BI11: =Inputs!$B$50*Inputs!$B$18*BH11*Inputs!$B$19 -> 0.73520957 | BJ11: =1-BI11 -> 0.26479043 | BK11: =Inputs!$B$20*BJ11 -> 0.0079437128 | BL11: =0.8*(1-Inputs!$B$50)*(BI11-BK11) -> 0.0017516984 | BM11: =BI11-BK11-BL11 -> 0.72551416 | BN11: =BM11*(1-Inputs!$B$18*EXP(-Inputs!$B$21*Inputs!$B$14*Inputs!$B$17/(Inputs!$B$22*Inputs!$B$23*Inputs!$B$24*BG11*Inputs!$B$16))*Inputs!$B$19) -> 0.026305592 | BO11: =(BM11-BN11)*(1-EXP(-Inputs!$B$25*Inputs!$B$14*Inputs!$B$17*Inputs!$B$26/(BG11*Inputs!$B$16/0.866))) -> 0.0075539121 | BP11: =(BM11-BN11-BO11)*(1-Inputs!$B$19) -> 0.0034582733 | BQ11: =(BJ11+BK11+BL11+BN11+BO11+BP11)*(1+Inputs!$B$27) -> 0.31273903 | BR11: =Inputs!$B$52/(1-BQ11-G11) -> 193492.74 | BS11: =BR11/Inputs!$B$34 -> 322.48791 | BT11: =B11^2/BS11 -> 9.7243956 | BU11: =Inputs!$B$54*H11/(Inputs!$B$35*F11+E11*H11^2/(PI()*BT11*Inputs!$B$36)) -> 19.230726 | BV11: =EXP(-Inputs!$B$11*Inputs!$B$14*Inputs!$B$17/(Inputs!$B$51*BU11*Inputs!$B$16)) -> 0.75249763 | BW11: =Inputs!$B$50*Inputs!$B$18*BV11*Inputs!$B$19 -> 0.73528366 | BX11: =1-BW11 -> 0.26471634 | BY11: =Inputs!$B$20*BX11 -> 0.0079414901 | BZ11: =0.8*(1-Inputs!$B$50)*(BW11-BY11) -> 0.0017518822 | CA11: =BW11-BY11-BZ11 -> 0.72559029 | CB11: =CA11*(1-Inputs!$B$18*EXP(-Inputs!$B$21*Inputs!$B$14*Inputs!$B$17/(Inputs!$B$22*Inputs!$B$23*Inputs!$B$24*BU11*Inputs!$B$16))*Inputs!$B$19) -> 0.026304189 | CC11: =(CA11-CB11)*(1-EXP(-Inputs!$B$25*Inputs!$B$14*Inputs!$B$17*Inputs!$B$26/(BU11*Inputs!$B$16/0.866))) -> 0.0075520879 | CD11: =(CA11-CB11-CC11)*(1-Inputs!$B$19) -> 0.0034586701 | CE11: =(BX11+BY11+BZ11+CB11+CC11+CD11)*(1+Inputs!$B$27) -> 0.31265983 | CF11: =Inputs!$B$52/(1-CE11-G11) -> 193401.9 | CG11: =CF11/Inputs!$B$34 -> 322.33651 | CH11: =B11^2/CG11 -> 9.7289632 | CI11: =Inputs!$B$54*H11/(Inputs!$B$35*F11+E11*H11^2/(PI()*CH11*Inputs!$B$36)) -> 19.233111 | CJ11: =EXP(-Inputs!$B$11*Inputs!$B$14*Inputs!$B$17/(Inputs!$B$51*CI11*Inputs!$B$16)) -> 0.75252417 | CK11: =Inputs!$B$50*Inputs!$B$18*CJ11*Inputs!$B$19 -> 0.7353096 | CL11: =1-CK11 -> 0.2646904 | CM11: =Inputs!$B$20*CL11 -> 0.0079407121 | CN11: =0.8*(1-Inputs!$B$50)*(CK11-CM11) -> 0.0017519465 | CO11: =CK11-CM11-CN11 -> 0.72561694 | CP11: =CO11*(1-Inputs!$B$18*EXP(-Inputs!$B$21*Inputs!$B$14*Inputs!$B$17/(Inputs!$B$22*Inputs!$B$23*Inputs!$B$24*CI11*Inputs!$B$16))*Inputs!$B$19) -> 0.026303698 | CQ11: =(CO11-CP11)*(1-EXP(-Inputs!$B$25*Inputs!$B$14*Inputs!$B$17*Inputs!$B$26/(CI11*Inputs!$B$16/0.866))) -> 0.0075514494 | CR11: =(CO11-CP11-CQ11)*(1-Inputs!$B$19) -> 0.003458809 | CS11: =(CL11+CM11+CN11+CP11+CQ11+CR11)*(1+Inputs!$B$27) -> 0.31263211 | CT11: =Inputs!$B$52/(1-CS11-G11) -> 193370.13 | CU11: =CT11/Inputs!$B$34 -> 322.28355 | CV11: =B11^2/CU11 -> 9.7305619 | CW11: =Inputs!$B$54*H11/(Inputs!$B$35*F11+E11*H11^2/(PI()*CV11*Inputs!$B$36)) -> 19.233946 | CX11: =EXP(-Inputs!$B$11*Inputs!$B$14*Inputs!$B$17/(Inputs!$B$51*CW11*Inputs!$B$16)) -> 0.75253345 | CY11: =Inputs!$B$50*Inputs!$B$18*CX11*Inputs!$B$19 -> 0.73531867 | CZ11: =1-CY11 -> 0.26468133 | DA11: =Inputs!$B$20*CZ11 -> 0.00794044 | DB11: =0.8*(1-Inputs!$B$50)*(CY11-DA11) -> 0.001751969 | DC11: =CY11-DA11-DB11 -> 0.72562626 | DD11: =DC11*(1-Inputs!$B$18*EXP(-Inputs!$B$21*Inputs!$B$14*Inputs!$B$17/(Inputs!$B$22*Inputs!$B$23*Inputs!$B$24*CW11*Inputs!$B$16))*Inputs!$B$19) -> 0.026303526 | DE11: =(DC11-DD11)*(1-EXP(-Inputs!$B$25*Inputs!$B$14*Inputs!$B$17*Inputs!$B$26/(CW11*Inputs!$B$16/0.866))) -> 0.007551226 | DF11: =(DC11-DD11-DE11)*(1-Inputs!$B$19) -> 0.0034588575 | DG11: =(CZ11+DA11+DB11+DD11+DE11+DF11)*(1+Inputs!$B$27) -> 0.31262241 | DH11: =Inputs!$B$52/(1-DG11-G11) -> 193359.01 | DI11: =DH11/Inputs!$B$34 -> 322.26502 | DJ11: =B11^2/DI11 -> 9.7311212 | DK11: =Inputs!$B$54*H11/(Inputs!$B$35*F11+E11*H11^2/(PI()*DJ11*Inputs!$B$36)) -> 19.234238 | DL11: =EXP(-Inputs!$B$11*Inputs!$B$14*Inputs!$B$17/(Inputs!$B$51*DK11*Inputs!$B$16)) -> 0.7525367 | DM11: =Inputs!$B$50*Inputs!$B$18*DL11*Inputs!$B$19 -> 0.73532184 | DN11: =1-DM11 -> 0.26467816 | DO11: =Inputs!$B$20*DN11 -> 0.0079403448 | DP11: =0.8*(1-Inputs!$B$50)*(DM11-DO11) -> 0.0017519769 | DQ11: =DM11-DO11-DP11 -> 0.72562952 | DR11: =DQ11*(1-Inputs!$B$18*EXP(-Inputs!$B$21*Inputs!$B$14*Inputs!$B$17/(Inputs!$B$22*Inputs!$B$23*Inputs!$B$24*DK11*Inputs!$B$16))*Inputs!$B$19) -> 0.026303466 | DS11: =(DQ11-DR11)*(1-EXP(-Inputs!$B$25*Inputs!$B$14*Inputs!$B$17*Inputs!$B$26/(DK11*Inputs!$B$16/0.866))) -> 0.0075511479 | DT11: =(DQ11-DR11-DS11)*(1-Inputs!$B$19) -> 0.0034588745 | DU11: =(DN11+DO11+DP11+DR11+DS11+DT11)*(1+Inputs!$B$27) -> 0.31261902 | DV11: =Inputs!$B$52/(1-DU11-G11) -> 193355.13 | DW11: =DV11/Inputs!$B$34 -> 322.25855 | DX11: =B11^2/DW11 -> 9.7313167 | DY11: =Inputs!$B$54*H11/(Inputs!$B$35*F11+E11*H11^2/(PI()*DX11*Inputs!$B$36)) -> 19.23434 | DZ11: =EXP(-Inputs!$B$11*Inputs!$B$14*Inputs!$B$17/(Inputs!$B$51*DY11*Inputs!$B$16)) -> 0.75253783 | EA11: =Inputs!$B$50*Inputs!$B$18*DZ11*Inputs!$B$19 -> 0.73532295 | EB11: =1-EA11 -> 0.26467705 | EC11: =Inputs!$B$20*EB11 -> 0.0079403115 | ED11: =0.8*(1-Inputs!$B$50)*(EA11-EC11) -> 0.0017519796 | EE11: =EA11-EC11-ED11 -> 0.72563066 | EF11: =EE11*(1-Inputs!$B$18*EXP(-Inputs!$B$21*Inputs!$B$14*Inputs!$B$17/(Inputs!$B$22*Inputs!$B$23*Inputs!$B$24*DY11*Inputs!$B$16))*Inputs!$B$19) -> 0.026303445 | EG11: =(EE11-EF11)*(1-EXP(-Inputs!$B$25*Inputs!$B$14*Inputs!$B$17*Inputs!$B$26/(DY11*Inputs!$B$16/0.866))) -> 0.0075511205 | EH11: =(EE11-EF11-EG11)*(1-Inputs!$B$19) -> 0.0034588805 | EI11: =(EB11+EC11+ED11+EF11+EG11+EH11)*(1+Inputs!$B$27) -> 0.31261784 | EJ11: =Inputs!$B$52/(1-EI11-G11) -> 193353.77 | EK11: =EJ11/Inputs!$B$34 -> 322.25628 | EL11: =B11^2/EK11 -> 9.7313851 | EM11: =Inputs!$B$54*H11/(Inputs!$B$35*F11+E11*H11^2/(PI()*EL11*Inputs!$B$36)) -> 19.234375 | EN11: =EXP(-Inputs!$B$11*Inputs!$B$14*Inputs!$B$17/(Inputs!$B$51*EM11*Inputs!$B$16)) -> 0.75253823 | EO11: =Inputs!$B$50*Inputs!$B$18*EN11*Inputs!$B$19 -> 0.73532334 | EP11: =1-EO11 -> 0.26467666 | EQ11: =Inputs!$B$20*EP11 -> 0.0079402999 | ER11: =0.8*(1-Inputs!$B$50)*(EO11-EQ11) -> 0.0017519806 | ES11: =EO11-EQ11-ER11 -> 0.72563106 | ET11: =ES11*(1-Inputs!$B$18*EXP(-Inputs!$B$21*Inputs!$B$14*Inputs!$B$17/(Inputs!$B$22*Inputs!$B$23*Inputs!$B$24*EM11*Inputs!$B$16))*Inputs!$B$19) -> 0.026303438 | EU11: =(ES11-ET11)*(1-EXP(-Inputs!$B$25*Inputs!$B$14*Inputs!$B$17*Inputs!$B$26/(EM11*Inputs!$B$16/0.866))) -> 0.007551111 | EV11: =(ES11-ET11-EU11)*(1-Inputs!$B$19) -> 0.0034588825 | EW11: =(EP11+EQ11+ER11+ET11+EU11+EV11)*(1+Inputs!$B$27) -> 0.31261742 | EX11: =Inputs!$B$52/(1-EW11-G11) -> 193353.29 | EY11: =EX11/Inputs!$B$34 -> 322.25549 | EZ11: =B11^2/EY11 -> 9.731409 | FA11: =Inputs!$B$54*H11/(Inputs!$B$35*F11+E11*H11^2/(PI()*EZ11*Inputs!$B$36)) -> 19.234388 | FB11: =EXP(-Inputs!$B$11*Inputs!$B$14*Inputs!$B$17/(Inputs!$B$51*FA11*Inputs!$B$16)) -> 0.75253837 | FC11: =Inputs!$B$50*Inputs!$B$18*FB11*Inputs!$B$19 -> 0.73532347 | FD11: =1-FC11 -> 0.26467653 | FE11: =Inputs!$B$20*FD11 -> 0.0079402958 | FF11: =0.8*(1-Inputs!$B$50)*(FC11-FE11) -> 0.0017519809 | FG11: =FC11-FE11-FF11 -> 0.7256312 | FH11: =FG11*(1-Inputs!$B$18*EXP(-Inputs!$B$21*Inputs!$B$14*Inputs!$B$17/(Inputs!$B$22*Inputs!$B$23*Inputs!$B$24*FA11*Inputs!$B$16))*Inputs!$B$19) -> 0.026303435 | FI11: =(FG11-FH11)*(1-EXP(-Inputs!$B$25*Inputs!$B$14*Inputs!$B$17*Inputs!$B$26/(FA11*Inputs!$B$16/0.866))) -> 0.0075511076 | FJ11: =(FG11-FH11-FI11)*(1-Inputs!$B$19) -> 0.0034588833 | FK11: =(FD11+FE11+FF11+FH11+FI11+FJ11)*(1+Inputs!$B$27) -> 0.31261728 | FL11: =Inputs!$B$52/(1-FK11-G11) -> 193353.13 | FM11: =FL11/Inputs!$B$34 -> 322.25521 | FN11: =B11^2/FM11 -> 9.7314174 | FO11: =Inputs!$B$54*H11/(Inputs!$B$35*F11+E11*H11^2/(PI()*FN11*Inputs!$B$36)) -> 19.234392 | FP11: =EXP(-Inputs!$B$11*Inputs!$B$14*Inputs!$B$17/(Inputs!$B$51*FO11*Inputs!$B$16)) -> 0.75253842 | FQ11: =Inputs!$B$50*Inputs!$B$18*FP11*Inputs!$B$19 -> 0.73532352 | FR11: =1-FQ11 -> 0.26467648 | FS11: =Inputs!$B$20*FR11 -> 0.0079402944 | FT11: =0.8*(1-Inputs!$B$50)*(FQ11-FS11) -> 0.0017519811 | FU11: =FQ11-FS11-FT11 -> 0.72563125 | FV11: =FU11*(1-Inputs!$B$18*EXP(-Inputs!$B$21*Inputs!$B$14*Inputs!$B$17/(Inputs!$B$22*Inputs!$B$23*Inputs!$B$24*FO11*Inputs!$B$16))*Inputs!$B$19) -> 0.026303434 | FW11: =(FU11-FV11)*(1-EXP(-Inputs!$B$25*Inputs!$B$14*Inputs!$B$17*Inputs!$B$26/(FO11*Inputs!$B$16/0.866))) -> 0.0075511065 | FX11: =(FU11-FV11-FW11)*(1-Inputs!$B$19) -> 0.0034588835 | FY11: =(FR11+FS11+FT11+FV11+FW11+FX11)*(1+Inputs!$B$27) -> 0.31261723 | FZ11: =Inputs!$B$52/(1-FY11-G11) -> 193353.07 | GA11: =FZ11/Inputs!$B$34 -> 322.25512 | GB11: =B11^2/GA11 -> 9.7314203 | GC11: =Inputs!$B$54*H11/(Inputs!$B$35*F11+E11*H11^2/(PI()*GB11*Inputs!$B$36)) -> 19.234394 | GD11: =EXP(-Inputs!$B$11*Inputs!$B$14*Inputs!$B$17/(Inputs!$B$51*GC11*Inputs!$B$16)) -> 0.75253843 | GE11: =Inputs!$B$50*Inputs!$B$18*GD11*Inputs!$B$19 -> 0.73532354 | GF11: =1-GE11 -> 0.26467646 | GG11: =Inputs!$B$20*GF11 -> 0.0079402939 | GH11: =0.8*(1-Inputs!$B$50)*(GE11-GG11) -> 0.0017519811 | GI11: =GE11-GG11-GH11 -> 0.72563126 | GJ11: =GI11*(1-Inputs!$B$18*EXP(-Inputs!$B$21*Inputs!$B$14*Inputs!$B$17/(Inputs!$B$22*Inputs!$B$23*Inputs!$B$24*GC11*Inputs!$B$16))*Inputs!$B$19) -> 0.026303434 | GK11: =(GI11-GJ11)*(1-EXP(-Inputs!$B$25*Inputs!$B$14*Inputs!$B$17*Inputs!$B$26/(GC11*Inputs!$B$16/0.866))) -> 0.0075511061 | GL11: =(GI11-GJ11-GK11)*(1-Inputs!$B$19) -> 0.0034588836 | GM11: =(GF11+GG11+GH11+GJ11+GK11+GL11)*(1+Inputs!$B$27) -> 0.31261721 | GN11: =Inputs!$B$52/(1-GM11-G11) -> 193353.05 | GO11: =GN11/Inputs!$B$34 -> 322.25508 | GP11: =B11^2/GO11 -> 9.7314214 | GQ11: =Inputs!$B$54*H11/(Inputs!$B$35*F11+E11*H11^2/(PI()*GP11*Inputs!$B$36)) -> 19.234394 | GR11: =EXP(-Inputs!$B$11*Inputs!$B$14*Inputs!$B$17/(Inputs!$B$51*GQ11*Inputs!$B$16)) -> 0.75253844 | GS11: =Inputs!$B$50*Inputs!$B$18*GR11*Inputs!$B$19 -> 0.73532354 | GT11: =1-GS11 -> 0.26467646 | GU11: =Inputs!$B$20*GT11 -> 0.0079402937 | GV11: =0.8*(1-Inputs!$B$50)*(GS11-GU11) -> 0.0017519811 | GW11: =GS11-GU11-GV11 -> 0.72563127 | GX11: =GW11*(1-Inputs!$B$18*EXP(-Inputs!$B$21*Inputs!$B$14*Inputs!$B$17/(Inputs!$B$22*Inputs!$B$23*Inputs!$B$24*GQ11*Inputs!$B$16))*Inputs!$B$19) -> 0.026303434 | GY11: =(GW11-GX11)*(1-EXP(-Inputs!$B$25*Inputs!$B$14*Inputs!$B$17*Inputs!$B$26/(GQ11*Inputs!$B$16/0.866))) -> 0.0075511059 | GZ11: =(GW11-GX11-GY11)*(1-Inputs!$B$19) -> 0.0034588836 | HA11: =(GT11+GU11+GV11+GX11+GY11+GZ11)*(1+Inputs!$B$27) -> 0.3126172 | HB11: =Inputs!$B$52/(1-HA11-G11) -> 193353.04 | HC11: =HB11/Inputs!$B$34 -> 322.25507 | HD11: =B11^2/HC11 -> 9.7314217 | HE11: =Inputs!$B$54*H11/(Inputs!$B$35*F11+E11*H11^2/(PI()*HD11*Inputs!$B$36)) -> 19.234394 | HF11: =EXP(-Inputs!$B$11*Inputs!$B$14*Inputs!$B$17/(Inputs!$B$51*HE11*Inputs!$B$16)) -> 0.75253844 | HG11: =Inputs!$B$50*Inputs!$B$18*HF11*Inputs!$B$19 -> 0.73532355 | HH11: =1-HG11 -> 0.26467645 | HI11: =Inputs!$B$20*HH11 -> 0.0079402936 | HJ11: =0.8*(1-Inputs!$B$50)*(HG11-HI11) -> 0.0017519811 | HK11: =HG11-HI11-HJ11 -> 0.72563127 | HL11: =HK11*(1-Inputs!$B$18*EXP(-Inputs!$B$21*Inputs!$B$14*Inputs!$B$17/(Inputs!$B$22*Inputs!$B$23*Inputs!$B$24*HE11*Inputs!$B$16))*Inputs!$B$19) -> 0.026303434 | HM11: =(HK11-HL11)*(1-EXP(-Inputs!$B$25*Inputs!$B$14*Inputs!$B$17*Inputs!$B$26/(HE11*Inputs!$B$16/0.866))) -> 0.0075511059 | HN11: =(HK11-HL11-HM11)*(1-Inputs!$B$19) -> 0.0034588837 | HO11: =(HH11+HI11+HJ11+HL11+HM11+HN11)*(1+Inputs!$B$27) -> 0.3126172 | HP11: =Inputs!$B$52/(1-HO11-G11) -> 193353.04 | HQ11: =HP11/Inputs!$B$34 -> 322.25507 | HR11: =B11^2/HQ11 -> 9.7314218 | HS11: =Inputs!$B$54*H11/(Inputs!$B$35*F11+E11*H11^2/(PI()*HR11*Inputs!$B$36)) -> 19.234394 | HT11: =EXP(-Inputs!$B$11*Inputs!$B$14*Inputs!$B$17/(Inputs!$B$51*HS11*Inputs!$B$16)) -> 0.75253844 | HU11: =Inputs!$B$50*Inputs!$B$18*HT11*Inputs!$B$19 -> 0.73532355 | HV11: =1-HU11 -> 0.26467645 | HW11: =Inputs!$B$20*HV11 -> 0.0079402936 | HX11: =0.8*(1-Inputs!$B$50)*(HU11-HW11) -> 0.0017519811 | HY11: =HU11-HW11-HX11 -> 0.72563127 | HZ11: =HY11*(1-Inputs!$B$18*EXP(-Inputs!$B$21*Inputs!$B$14*Inputs!$B$17/(Inputs!$B$22*Inputs!$B$23*Inputs!$B$24*HS11*Inputs!$B$16))*Inputs!$B$19) -> 0.026303434 | IA11: =(HY11-HZ11)*(1-EXP(-Inputs!$B$25*Inputs!$B$14*Inputs!$B$17*Inputs!$B$26/(HS11*Inputs!$B$16/0.866))) -> 0.0075511059 | IB11: =(HY11-HZ11-IA11)*(1-Inputs!$B$19) -> 0.0034588837 | IC11: =(HV11+HW11+HX11+HZ11+IA11+IB11)*(1+Inputs!$B$27) -> 0.3126172 | ID11: =Inputs!$B$52/(1-IC11-G11) -> 193353.04 | IE11: =ID11/Inputs!$B$34 -> 322.25507 | IF11: =B11^2/IE11 -> 9.7314219 | IG11: =Inputs!$B$54*H11/(Inputs!$B$35*F11+E11*H11^2/(PI()*IF11*Inputs!$B$36)) -> 19.234394 | IH11: =EXP(-Inputs!$B$11*Inputs!$B$14*Inputs!$B$17/(Inputs!$B$51*IG11*Inputs!$B$16)) -> 0.75253844 | II11: =Inputs!$B$50*Inputs!$B$18*IH11*Inputs!$B$19 -> 0.73532355 | IJ11: =1-II11 -> 0.26467645 | IK11: =Inputs!$B$20*IJ11 -> 0.0079402936 | IL11: =0.8*(1-Inputs!$B$50)*(II11-IK11) -> 0.0017519811 | IM11: =II11-IK11-IL11 -> 0.72563127 | IN11: =IM11*(1-Inputs!$B$18*EXP(-Inputs!$B$21*Inputs!$B$14*Inputs!$B$17/(Inputs!$B$22*Inputs!$B$23*Inputs!$B$24*IG11*Inputs!$B$16))*Inputs!$B$19) -> 0.026303434 | IO11: =(IM11-IN11)*(1-EXP(-Inputs!$B$25*Inputs!$B$14*Inputs!$B$17*Inputs!$B$26/(IG11*Inputs!$B$16/0.866))) -> 0.0075511059 | IP11: =(IM11-IN11-IO11)*(1-Inputs!$B$19) -> 0.0034588837 | IQ11: =(IJ11+IK11+IL11+IN11+IO11+IP11)*(1+Inputs!$B$27) -> 0.3126172 | IR11: =Inputs!$B$52/(1-IQ11-G11) -> 193353.04 | IS11: =IR11/Inputs!$B$34 -> 322.25507 | IT11: =B11^2/IS11 -> 9.7314219 | IU11: =Inputs!$B$54*H11/(Inputs!$B$35*F11+E11*H11^2/(PI()*IT11*Inputs!$B$36)) -> 19.234394 | IV11: =EXP(-Inputs!$B$11*Inputs!$B$14*Inputs!$B$17/(Inputs!$B$51*IU11*Inputs!$B$16)) -> 0.75253844 | IW11: =Inputs!$B$50*Inputs!$B$18*IV11*Inputs!$B$19 -> 0.73532355 | IX11: =1-IW11 -> 0.26467645 | IY11: =Inputs!$B$20*IX11 -> 0.0079402936 | IZ11: =0.8*(1-Inputs!$B$50)*(IW11-IY11) -> 0.0017519811 | JA11: =IW11-IY11-IZ11 -> 0.72563127 | JB11: =JA11*(1-Inputs!$B$18*EXP(-Inputs!$B$21*Inputs!$B$14*Inputs!$B$17/(Inputs!$B$22*Inputs!$B$23*Inputs!$B$24*IU11*Inputs!$B$16))*Inputs!$B$19) -> 0.026303434 | JC11: =(JA11-JB11)*(1-EXP(-Inputs!$B$25*Inputs!$B$14*Inputs!$B$17*Inputs!$B$26/(IU11*Inputs!$B$16/0.866))) -> 0.0075511059 | JD11: =(JA11-JB11-JC11)*(1-Inputs!$B$19) -> 0.0034588837 | JE11: =(IX11+IY11+IZ11+JB11+JC11+JD11)*(1+Inputs!$B$27) -> 0.3126172 | JF11: =Inputs!$B$52/(1-JE11-G11) -> 193353.04 | JG11: =JF11/Inputs!$B$34 -> 322.25507 | JH11: =B11^2/JG11 -> 9.7314219 | JI11: =Inputs!$B$54*H11/(Inputs!$B$35*F11+E11*H11^2/(PI()*JH11*Inputs!$B$36)) -> 19.234394 | JJ11: =EXP(-Inputs!$B$11*Inputs!$B$14*Inputs!$B$17/(Inputs!$B$51*JI11*Inputs!$B$16)) -> 0.75253844 | JK11: =Inputs!$B$50*Inputs!$B$18*JJ11*Inputs!$B$19 -> 0.73532355 | JL11: =1-JK11 -> 0.26467645 | JM11: =Inputs!$B$20*JL11 -> 0.0079402936 | JN11: =0.8*(1-Inputs!$B$50)*(JK11-JM11) -> 0.0017519811 | JO11: =JK11-JM11-JN11 -> 0.72563127 | JP11: =JO11*(1-Inputs!$B$18*EXP(-Inputs!$B$21*Inputs!$B$14*Inputs!$B$17/(Inputs!$B$22*Inputs!$B$23*Inputs!$B$24*JI11*Inputs!$B$16))*Inputs!$B$19) -> 0.026303434 | JQ11: =(JO11-JP11)*(1-EXP(-Inputs!$B$25*Inputs!$B$14*Inputs!$B$17*Inputs!$B$26/(JI11*Inputs!$B$16/0.866))) -> 0.0075511059 | JR11: =(JO11-JP11-JQ11)*(1-Inputs!$B$19) -> 0.0034588837 | JS11: =(JL11+JM11+JN11+JP11+JQ11+JR11)*(1+Inputs!$B$27) -> 0.3126172 | JT11: =Inputs!$B$52/(1-JS11-G11) -> 193353.04 | JU11: =JT11/Inputs!$B$34 -> 322.25507 | JV11: =B11^2/JU11 -> 9.7314219 | JW11: =Inputs!$B$54*H11/(Inputs!$B$35*F11+E11*H11^2/(PI()*JV11*Inputs!$B$36)) -> 19.234394 | JX11: =EXP(-Inputs!$B$11*Inputs!$B$14*Inputs!$B$17/(Inputs!$B$51*JW11*Inputs!$B$16)) -> 0.75253844 | JY11: =Inputs!$B$50*Inputs!$B$18*JX11*Inputs!$B$19 -> 0.73532355 | JZ11: =1-JY11 -> 0.26467645 | KA11: =Inputs!$B$20*JZ11 -> 0.0079402936 | KB11: =0.8*(1-Inputs!$B$50)*(JY11-KA11) -> 0.0017519811 | KC11: =JY11-KA11-KB11 -> 0.72563127 | KD11: =KC11*(1-Inputs!$B$18*EXP(-Inputs!$B$21*Inputs!$B$14*Inputs!$B$17/(Inputs!$B$22*Inputs!$B$23*Inputs!$B$24*JW11*Inputs!$B$16))*Inputs!$B$19) -> 0.026303434 | KE11: =(KC11-KD11)*(1-EXP(-Inputs!$B$25*Inputs!$B$14*Inputs!$B$17*Inputs!$B$26/(JW11*Inputs!$B$16/0.866))) -> 0.0075511059 | KF11: =(KC11-KD11-KE11)*(1-Inputs!$B$19) -> 0.0034588837 | KG11: =(JZ11+KA11+KB11+KD11+KE11+KF11)*(1+Inputs!$B$27) -> 0.3126172 | KH11: =Inputs!$B$52/(1-KG11-G11) -> 193353.04 | KI11: =KH11/Inputs!$B$34 -> 322.25507 | KJ11: =B11^2/KI11 -> 9.7314219 | KK11: =Inputs!$B$54*H11/(Inputs!$B$35*F11+E11*H11^2/(PI()*KJ11*Inputs!$B$36)) -> 19.234394 | KL11: =EXP(-Inputs!$B$11*Inputs!$B$14*Inputs!$B$17/(Inputs!$B$51*KK11*Inputs!$B$16)) -> 0.75253844 | KM11: =Inputs!$B$50*Inputs!$B$18*KL11*Inputs!$B$19 -> 0.73532355 | KN11: =1-KM11 -> 0.26467645 | KO11: =Inputs!$B$20*KN11 -> 0.0079402936 | KP11: =0.8*(1-Inputs!$B$50)*(KM11-KO11) -> 0.0017519811 | KQ11: =KM11-KO11-KP11 -> 0.72563127 | KR11: =KQ11*(1-Inputs!$B$18*EXP(-Inputs!$B$21*Inputs!$B$14*Inputs!$B$17/(Inputs!$B$22*Inputs!$B$23*Inputs!$B$24*KK11*Inputs!$B$16))*Inputs!$B$19) -> 0.026303434 | KS11: =(KQ11-KR11)*(1-EXP(-Inputs!$B$25*Inputs!$B$14*Inputs!$B$17*Inputs!$B$26/(KK11*Inputs!$B$16/0.866))) -> 0.0075511059 | KT11: =(KQ11-KR11-KS11)*(1-Inputs!$B$19) -> 0.0034588837 | KU11: =(KN11+KO11+KP11+KR11+KS11+KT11)*(1+Inputs!$B$27) -> 0.3126172 | KV11: =Inputs!$B$52/(1-KU11-G11) -> 193353.04 | KW11: =KV11/Inputs!$B$34 -> 322.25507 | KX11: =B11^2/KW11 -> 9.7314219 | KY11: =Inputs!$B$54*H11/(Inputs!$B$35*F11+E11*H11^2/(PI()*KX11*Inputs!$B$36)) -> 19.234394 | KZ11: =EXP(-Inputs!$B$11*Inputs!$B$14*Inputs!$B$17/(Inputs!$B$51*KY11*Inputs!$B$16)) -> 0.75253844 | LA11: =Inputs!$B$50*Inputs!$B$18*KZ11*Inputs!$B$19 -> 0.73532355 | LB11: =1-LA11 -> 0.26467645 | LC11: =Inputs!$B$20*LB11 -> 0.0079402936 | LD11: =0.8*(1-Inputs!$B$50)*(LA11-LC11) -> 0.0017519811 | LE11: =LA11-LC11-LD11 -> 0.72563127 | LF11: =LE11*(1-Inputs!$B$18*EXP(-Inputs!$B$21*Inputs!$B$14*Inputs!$B$17/(Inputs!$B$22*Inputs!$B$23*Inputs!$B$24*KY11*Inputs!$B$16))*Inputs!$B$19) -> 0.026303434 | LG11: =(LE11-LF11)*(1-EXP(-Inputs!$B$25*Inputs!$B$14*Inputs!$B$17*Inputs!$B$26/(KY11*Inputs!$B$16/0.866))) -> 0.0075511059 | LH11: =(LE11-LF11-LG11)*(1-Inputs!$B$19) -> 0.0034588837 | LI11: =(LB11+LC11+LD11+LF11+LG11+LH11)*(1+Inputs!$B$27) -> 0.3126172 | LJ11: =Inputs!$B$52/(1-LI11-G11) -> 193353.04 | LK11: =LJ11/Inputs!$B$34 -> 322.25507 | LL11: =B11^2/LK11 -> 9.7314219 | LM11: =Inputs!$B$54*H11/(Inputs!$B$35*F11+E11*H11^2/(PI()*LL11*Inputs!$B$36)) -> 19.234394 | LN11: =EXP(-Inputs!$B$11*Inputs!$B$14*Inputs!$B$17/(Inputs!$B$51*LM11*Inputs!$B$16)) -> 0.75253844 | LO11: =Inputs!$B$50*Inputs!$B$18*LN11*Inputs!$B$19 -> 0.73532355 | LP11: =1-LO11 -> 0.26467645 | LQ11: =Inputs!$B$20*LP11 -> 0.0079402936 | LR11: =0.8*(1-Inputs!$B$50)*(LO11-LQ11) -> 0.0017519811 | LS11: =LO11-LQ11-LR11 -> 0.72563127 | LT11: =LS11*(1-Inputs!$B$18*EXP(-Inputs!$B$21*Inputs!$B$14*Inputs!$B$17/(Inputs!$B$22*Inputs!$B$23*Inputs!$B$24*LM11*Inputs!$B$16))*Inputs!$B$19) -> 0.026303434 | LU11: =(LS11-LT11)*(1-EXP(-Inputs!$B$25*Inputs!$B$14*Inputs!$B$17*Inputs!$B$26/(LM11*Inputs!$B$16/0.866))) -> 0.0075511059 | LV11: =(LS11-LT11-LU11)*(1-Inputs!$B$19) -> 0.0034588837 | LW11: =(LP11+LQ11+LR11+LT11+LU11+LV11)*(1+Inputs!$B$27) -> 0.3126172 | LX11: =Inputs!$B$52/(1-LW11-G11) -> 193353.04 | LY11: =LX11/Inputs!$B$34 -> 322.25507 | LZ11: =B11^2/LY11 -> 9.7314219 | MA11: =Inputs!$B$54*H11/(Inputs!$B$35*F11+E11*H11^2/(PI()*LZ11*Inputs!$B$36)) -> 19.234394 | MB11: =EXP(-Inputs!$B$11*Inputs!$B$14*Inputs!$B$17/(Inputs!$B$51*MA11*Inputs!$B$16)) -> 0.75253844 | MC11: =Inputs!$B$50*Inputs!$B$18*MB11*Inputs!$B$19 -> 0.73532355 | MD11: =1-MC11 -> 0.26467645 | ME11: =Inputs!$B$20*MD11 -> 0.0079402936 | MF11: =0.8*(1-Inputs!$B$50)*(MC11-ME11) -> 0.0017519811 | MG11: =MC11-ME11-MF11 -> 0.72563127 | MH11: =MG11*(1-Inputs!$B$18*EXP(-Inputs!$B$21*Inputs!$B$14*Inputs!$B$17/(Inputs!$B$22*Inputs!$B$23*Inputs!$B$24*MA11*Inputs!$B$16))*Inputs!$B$19) -> 0.026303434 | MI11: =(MG11-MH11)*(1-EXP(-Inputs!$B$25*Inputs!$B$14*Inputs!$B$17*Inputs!$B$26/(MA11*Inputs!$B$16/0.866))) -> 0.0075511059 | MJ11: =(MG11-MH11-MI11)*(1-Inputs!$B$19) -> 0.0034588837 | MK11: =(MD11+ME11+MF11+MH11+MI11+MJ11)*(1+Inputs!$B$27) -> 0.3126172 | ML11: =Inputs!$B$52/(1-MK11-G11) -> 193353.04 | MM11: =ML11/Inputs!$B$34 -> 322.25507 | MN11: =B11^2/MM11 -> 9.7314219 | MO11: =Inputs!$B$54*H11/(Inputs!$B$35*F11+E11*H11^2/(PI()*MN11*Inputs!$B$36)) -> 19.234394 | MP11: =EXP(-Inputs!$B$11*Inputs!$B$14*Inputs!$B$17/(Inputs!$B$51*MO11*Inputs!$B$16)) -> 0.75253844 | MQ11: =Inputs!$B$50*Inputs!$B$18*MP11*Inputs!$B$19 -> 0.73532355 | MR11: =1-MQ11 -> 0.26467645 | MS11: =Inputs!$B$20*MR11 -> 0.0079402936 | MT11: =0.8*(1-Inputs!$B$50)*(MQ11-MS11) -> 0.0017519811 | MU11: =MQ11-MS11-MT11 -> 0.72563127 | MV11: =MU11*(1-Inputs!$B$18*EXP(-Inputs!$B$21*Inputs!$B$14*Inputs!$B$17/(Inputs!$B$22*Inputs!$B$23*Inputs!$B$24*MO11*Inputs!$B$16))*Inputs!$B$19) -> 0.026303434 | MW11: =(MU11-MV11)*(1-EXP(-Inputs!$B$25*Inputs!$B$14*Inputs!$B$17*Inputs!$B$26/(MO11*Inputs!$B$16/0.866))) -> 0.0075511059 | MX11: =(MU11-MV11-MW11)*(1-Inputs!$B$19) -> 0.0034588837 | MY11: =(MR11+MS11+MT11+MV11+MW11+MX11)*(1+Inputs!$B$27) -> 0.3126172 | MZ11: =Inputs!$B$52/(1-MY11-G11) -> 193353.04 | NA11: =MZ11/Inputs!$B$34 -> 322.25507 | NB11: =B11^2/NA11 -> 9.7314219 | NC11: =Inputs!$B$54*H11/(Inputs!$B$35*F11+E11*H11^2/(PI()*NB11*Inputs!$B$36)) -> 19.234394 | ND11: =EXP(-Inputs!$B$11*Inputs!$B$14*Inputs!$B$17/(Inputs!$B$51*NC11*Inputs!$B$16)) -> 0.75253844 | NE11: =Inputs!$B$50*Inputs!$B$18*ND11*Inputs!$B$19 -> 0.73532355 | NF11: =1-NE11 -> 0.26467645 | NG11: =Inputs!$B$20*NF11 -> 0.0079402936 | NH11: =0.8*(1-Inputs!$B$50)*(NE11-NG11) -> 0.0017519811 | NI11: =NE11-NG11-NH11 -> 0.72563127 | NJ11: =NI11*(1-Inputs!$B$18*EXP(-Inputs!$B$21*Inputs!$B$14*Inputs!$B$17/(Inputs!$B$22*Inputs!$B$23*Inputs!$B$24*NC11*Inputs!$B$16))*Inputs!$B$19) -> 0.026303434 | NK11: =(NI11-NJ11)*(1-EXP(-Inputs!$B$25*Inputs!$B$14*Inputs!$B$17*Inputs!$B$26/(NC11*Inputs!$B$16/0.866))) -> 0.0075511059 | NL11: =(NI11-NJ11-NK11)*(1-Inputs!$B$19) -> 0.0034588837 | NM11: =(NF11+NG11+NH11+NJ11+NK11+NL11)*(1+Inputs!$B$27) -> 0.3126172 | NN11: =Inputs!$B$52/(1-NM11-G11) -> 193353.04
